scan_id,parcel_id,customer_id,scanned_at,hub_id,courier_id,scan_type,weight_kg,service_code
908175,7002446,5116,2026-05-07 16:41:56,1,133,DELIVERED,29.23,STD
908129,7002431,5075,2026-05-07 21:17:42,3,132,OUT_FOR_DELIVERY,17.22,EXP
908474,7002530,5042,2026-05-07 16:05:38,7,108,ARRIVE,29.59,EXP
908036,7002394,5040,2026-05-07 21:43:07,5,108,DEPART,20.23,EXP
907811,7002328,5128,2026-05-07 09:56:57,7,140,OUT_FOR_DELIVERY,29.18,ECO
907892,7002355,5017,2026-05-07 09:30:29,5,137,ARRIVE,43.62,SDD
907985,7002382,5052,2026-05-07 06:43:01,8,135,PICKUP,46.89,EXP
908174,7002446,5022,2026-05-07 16:39:32,9,115,FAILED,9.86,STD
908310,7002489,5118,2026-05-07 08:21:34,1,110,FAILED,39.04,ECO
908352,7002496,5191,2026-05-07 15:12:55,4,123,PICKUP,4.03,ECO
907637,7002274,5031,2026-05-07 08:25:05,9,138,FAILED,27.79,STD
908159,7002441,5083,2026-05-07 18:26:56,4,105,PICKUP,30.58,EXP
908026,7002391,5143,2026-05-07 12:32:50,3,112,DELIVERED,29.33,STD
907605,7002263,5070,2026-05-07 19:17:30,4,134,ARRIVE,26.91,EXP
908481,7002532,5028,2026-05-07 15:54:54,7,131,FAILED,844.33,EXP
908158,7002441,5096,2026-05-07 13:55:13,7,126,DEPART,30.62,STD
907489,7002234,5116,2026-05-07 17:23:25,5,130,DELIVERED,25.67,ECO
907764,7002312,5161,2026-05-07 20:51:21,4,139,PICKUP,7.99,EXP
908476,7002531,5102,2026-05-07 19:58:08,4,129,FAILED,0.37,EXP
907420,7002212,5007,07/05/2026 14:54,6,126,FAILED,37.21,ECO
907375,7002198,5188,2026-05-07 13:17:02,9,132,PICKUP,24.88,SDD
908230,7002467,5015,2026-05-07 21:03:58,8,137,PICKUP,46.04,STD
908079,7002415,5197,2026-05-07 16:15:58,4,129,DELIVERED,19.16,EXP
907935,7002370,5160,2026-05-07 18:35:03,10,138,OUT_FOR_DELIVERY,35.02,STD
907751,7002309,5185,2026-05-07 18:33:18,10,133,DEPART,10.84,STD
907573,7002256,5091,2026-05-07 11:25:00,9,117,ARRIVE,34.66,STD
908184,7002451,5186,2026-05-07 18:38:08,7,123,DELIVERED,31.39,ECO
908139,7002435,5085,2026-05-07 21:24:50,3,130,DELIVERED,24.02,EXP
907333,7002191,5177,2026-05-07 11:37:40,6,137,DEPART,9.18,STD
907849,7002341,5022,2026-05-07 06:17:13,2,120,DEPART,41.02,EXP
908024,7002391,5058,2026-05-07 21:57:10,6,114,OUT_FOR_DELIVERY,5.19,STD
907444,7002218,5162,2026-05-07 21:17:22,2,127,ARRIVE,22.47,ECO
907517,7002244,5031,2026-05-07 12:19:19,8,121,PICKUP,20.26,STD
907336,7002192,5112,2026-05-07 09:49:57,3,104,DELIVERED,46.92,ECO
907817,7002330,5011,2026-05-07 21:18:30,5,111,DELIVERED,5.06,STD
908410,7002513,5019,2026-05-07 20:36:03,9,137,FAILED,2.36,ECO
907735,7002303,5164,2026-05-07 10:38:24,7,127,PICKUP,4.97,SDD
907436,7002216,5025,2026-05-07 21:38:55,2,130,FAILED,4.44,ECO
907836,7002334,5019,2026-05-07 16:35:06,1,140,FAILED,31.31,SDD
907899,7002358,5043,2026-05-07 13:13:01,10,105,ARRIVE,46.72,SDD
908029,7002392,5068,2026-05-07 10:11:16,6,131,PICKUP,3.08,STD
907480,7002230,5092,2026-05-07 08:21:08,6,118,PICKUP,16.82,ECO
908233,7002469,5068,07/05/2026 07:54,3,112,DELIVERED,30.93,ECO
907384,7002201,5037,2026-05-07 15:02:52,9,138,ARRIVE,33.29,EXP
907682,7002288,5054,2026-05-07 12:47:10,6,120,FAILED,38.41,STD
907661,7002280,5018,2026-05-07 21:23:16,2,108,FAILED,5.02,ECO
907325,7002189,5165,2026-05-07 16:42:31,3,129,OUT_FOR_DELIVERY,43.5,ECO
907692,7002291,5114,2026-05-07 08:06:37,2,134,OUT_FOR_DELIVERY,,ECO
908380,7002505,5065,2026-05-07 20:31:45,10,103,DEPART,9.08,ECO
908461,7002524,5022,2026-05-07 19:21:52,7,120,PICKUP,44.39,ECO
907813,7002328,5099,2026-05-07 16:58:19,6,138,FAILED,33.75,SDD
907349,7002195,5018,2026-05-07 09:00:22,10,,FAILED,21.45,STD
908372,7002504,5044,2026-05-07 09:46:43,4,,FAILED,43.31,EXP
907868,7002349,5075,2026-05-07 09:16:20,7,131,DELIVERED,46.73,EXP
908247,7002473,5199,2026-05-07 11:14:47,10,139,failed,37.18,EXP
907939,7002372,5108,2026-05-07 09:51:55,2,115,DELIVERED,23.81,STD
907511,7002242,5050,2026-05-07 15:02:28,10,135,DEPART,7.94,SDD
907994,7002383,5081,2026-05-07 17:02:01,10,140,FAILED,12.11,STD
907549,7002251,5089,2026-05-07 12:28:33,6,106,DEPART,46.29,EXP
907418,7002211,5173,2026-05-07 14:51:41,4,137,FAILED,33.73,STD
908426,7002518,5182,2026-05-07 07:28:35,6,140,PICKUP,0.65,EXP
907874,7002350,5154,2026-05-07 21:29:01,8,101,OUT_FOR_DELIVERY,1.05,STD
907930,7002368,5172,2026-05-07 19:35:53,2,121,FAILED,32.23,EXP
908086,7002417,5002,2026-05-07 09:32:07,2,134,FAILED,9.19,SDD
908032,7002392,5039,2026-05-07 16:27:28,4,110,OUT_FOR_DELIVERY,3.97,SDD
907792,7002323,5003,2026-05-07 19:22:09,8,103,DELIVERED,10.01,EXP
908353,7002496,5083,2026-05-07 21:27:43,10,110,ARRIVE,1.25,STD
908169,7002445,5005,2026-05-07 17:29:26,6,136,OUT_FOR_DELIVERY,40.42,STD
907306,7002184,5039,2026-05-07 15:00:31,5,113,PICKUP,9.34,ECO
907581,7002258,5066,2026-05-07 14:34:10,5,106,DELIVERED,31.39,ECO
907491,7002234,5151,2026-05-07 19:18:55,3,105,OUT_FOR_DELIVERY,"7,32",ECO
907620,7002267,5172,2026-05-07 11:24:05,7,121,PICKUP,46.08,SDD
908163,7002444,5036,2026-05-07 09:20:07,6,137,DEPART,3.66,SDD
907662,7002280,5195,2026-05-07 18:18:15,7,135,DELIVERED,14.16,EXP
907554,7002252,5014,2026-05-07 09:45:36,3,124,DEPART,22.7,SDD
907453,7002220,5156,2026-05-07 15:39:17,5,109,ARRIVE,43.05,SDD
907562,7002254,5072,2026-05-07 21:43:02,5,130,DEPART,39.64,STD
907668,7002283,5157,2026-05-07 15:55:42,4,129,ARRIVE,2.23,SDD
908018,7002390,5110,2026-05-07 06:54:28,6,110,DEPART,5.35,ECO
907732,7002302,5054,2026-05-07 06:19:36,6,114,PICKUP,41.93,ECO
908430,7002519,5125,2026-05-07 10:32:27,7,119,ARRIVE,43.14,SDD
908281,7002483,5110,2026-05-07 15:18:12,3,139,ARRIVE,31.37,STD
907433,7002215,5084,2026-05-07 15:06:03,5,130,FAILED,38.21,EXP
907866,7002348,5199,07/05/2026 14:14,8,125,DELIVERED,29.29,EXP
908220,7002463,5108,2026-05-07 12:29:35,2,111,FAILED,47.64,EXP
907660,7002280,5059,2026-05-07 18:36:36,10,111,delivered,3.22,STD
907829,7002332,5047,2026-05-07 09:49:51,3,124,OUT_FOR_DELIVERY,39.15,SDD
908406,7002512,5200,2026-05-07 21:15:21,6,115,DEPART,20.23,ECO
907989,7002382,5003,2026-05-07 12:14:46,1,131,PICKUP,35.85,SDD
908135,7002432,5152,07/05/2026 12:18,5,118,ARRIVE,29.5,ECO
908473,7002529,5127,2026-05-07 09:41:59,2,127,PICKUP,3.74,ECO
908170,7002445,5126,2026-05-07 07:34:04,3,108,ARRIVE,17.15,ECO
907365,7002196,5011,2026-05-07 07:43:49,10,104,OUT_FOR_DELIVERY,36.11,EXP
907485,7002230,5167,2026-05-07 10:38:33,99,113,PICKUP,13.87,EXP
907635,7002273,5033,2026-05-07 09:19:54,9,112,OUT_FOR_DELIVERY,37.16,EXP
907738,7002306,5131,2026-05-07 09:40:58,5,112,FAILED,14.16,SDD
907904,7002359,5150,2026-05-07 09:50:30,6,105,OUT_FOR_DELIVERY,23.9,EXP
907335,7002192,5095,2026-05-07 21:45:38,6,133,OUT_FOR_DELIVERY,21.28,ECO
907940,7002372,5182,2026-05-07 16:04:57,6,117,FAILED,"32,25",STD
908047,7002401,5145,2026-05-07 17:29:53,1,101,PICKUP,11.34,SDD
908156,7002441,5007,2026-05-07 18:59:43,2,122,FAILED,"46,49",STD
908190,7002452,5198,2026-05-07 13:21:35,4,105,DELIVERED,13.03,ECO
907797,7002326,5007,07/05/2026 15:32,5,123,PICKUP,34.83,SDD
908127,7002431,5105,2026-05-07 13:58:37,3,129,DELIVERED,13.99,EXP
907871,7002349,5086,2026-05-07 19:45:59,5,119,FAILED,0.26,EXP
907953,7002376,5187,2026-05-07 20:20:39,8,113,FAILED,30.95,STD
908067,7002410,5066,2026-05-07 21:45:00,6,132,OUT_FOR_DELIVERY,32.17,SDD
907528,7002246,5192,2026-05-07 19:48:37,6,111,FAILED,29.68,SDD
907451,7002219,5133,2026-05-07 16:47:19,8,132,OUT_FOR_DELIVERY,27.05,ECO
907369,7002196,5170,2026-05-07 08:24:23,5,134,PICKUP,8.05,EXP
907518,7002244,5178,2026-05-07 13:54:22,2,110,DELIVERED,18.25,STD
907468,7002224,5138,2026-05-07 15:32:16,2,105,DEPART,43.01,STD
908252,7002473,5175,2026-05-07 11:44:31,3,108,OUT_FOR_DELIVERY,30.74,ECO
907416,7002210,5065,07/05/2026 11:19,1,134,ARRIVE,24.25,EXP
907389,7002202,5038,2026-05-07 07:57:27,3,103,OUT_FOR_DELIVERY,47.33,STD
907619,7002267,5140,2026-05-07 14:32:06,5,104,PICKUP,18.57,STD
907944,7002374,5198,2026-05-07 16:51:10,9,115,ARRIVE,29.96,ECO
907391,7002203,5103,2026-05-07 15:28:52,8,106,OUT_FOR_DELIVERY,21.74,STD
907740,7002306,5195,2026-05-07 10:18:06,3,133,ARRIVE,22.7,SDD
908119,7002426,5180,2026-05-07 08:57:47,6,127,ARRIVE,13.84,ECO
907859,7002347,5182,2026-05-07 18:43:45,6,115,OUT_FOR_DELIVERY,36.81,EXP
907896,7002357,5041,2026-05-07 17:25:17,9,138,ARRIVE,20.02,STD
907993,7002382,5004,2026-05-07 14:17:12,8,136,DELIVERED,35.01,STD
907667,7002283,5104,2026-05-07 09:27:28,10,139,DEPART,18.72,EXP
907713,7002293,5153,2026-05-07 06:39:03,2,114,PICKUP,18.18,ECO
908471,7002529,5033,2026-05-07 06:32:54,4,130,DELIVERED,,SDD
907493,7002236,5150,2026-05-07 21:48:33,10,103,delivered,47.32,STD
907575,7002258,5182,2026-05-07 07:05:40,1,140,DELIVERED,31.35,EXP
907833,7002334,5025,2026-05-07 08:45:56,10,125,OUT_FOR_DELIVERY,36.85,ECO
907441,7002216,5003,2026-05-07 16:10:34,2,134,DEPART,29.17,EXP
907582,7002258,5155,2026-05-07 12:03:01,5,117,DELIVERED,38.52,SDD
907476,7002229,5076,2026-05-07 09:36:25,3,121,OUT_FOR_DELIVERY,42.07,SDD
907658,7002280,5075,2026-05-07 19:11:34,1,126,PICKUP,37.47,EXP
907666,7002282,5065,2026-05-07 06:28:55,1,125,ARRIVE,403.92,STD
907525,7002245,5127,07/05/2026 12:29,5,108,OUT_FOR_DELIVERY,12.93,STD
908030,7002392,5163,2026-05-07 06:30:27,2,136,ARRIVE,6.09,EXP
907951,7002376,5044,2026-05-07 09:43:13,10,125,ARRIVE,22.35,STD
907341,7002192,5112,2026-05-07 15:12:40,6,119,OUT_FOR_DELIVERY,43.63,SDD
907592,7002260,5075,2026-05-07 17:06:32,4,101,OUT_FOR_DELIVERY,21.93,STD
908457,7002524,5007,2026-05-07 17:24:29,2,132,FAILED,34.95,SDD
907664,7002280,5044,2026-05-07 21:10:48,6,120,DEPART,40.42,EXP
908368,7002502,5129,2026-05-07 19:37:17,3,125,ARRIVE,8.23,STD
907945,7002375,5041,2026-05-07 08:35:17,8,113,FAILED,24.25,EXP
908154,7002441,5014,2026-05-07 09:55:32,4,124,FAILED,38.79,ECO
908434,7002519,5154,2026-05-07 08:49:07,10,137,OUT_FOR_DELIVERY,42.72,STD
907426,7002213,5163,2026-05-07 16:39:02,3,108,DEPART,14.88,STD
908260,7002476,5056,2026-05-07 10:40:09,7,134,PICKUP,34.2,ECO
907318,7002186,5012,2026-05-07 16:21:58,8,110,ARRIVE,27.29,STD
908462,7002525,5045,2026-05-07 10:27:29,2,119,DEPART,29.12,STD
908323,7002492,5132,2026-05-07 17:20:30,4,111,OUT_FOR_DELIVERY,32.8,EXP
907806,7002327,5005,2026-05-07 09:39:56,8,110,DELIVERED,26.2,ECO
908458,7002524,5026,2026-05-07 18:32:50,7,119,delivered,12.36,SDD
907929,7002367,5159,2026-05-07 09:30:55,8,117,DEPART,20.34,SDD
908445,7002522,5015,2026-05-07 12:07:10,8,124,PICKUP,9.94,STD
908243,7002472,5146,2026-05-07 10:17:56,1,116,ARRIVE,5.6,EXP
908003,7002386,5065,2026-05-07 21:46:11,5,130,DEPART,2.9,SDD
908324,7002493,5150,2026-05-07 10:18:38,5,140,OUT_FOR_DELIVERY,26.69,EXP
908345,7002496,5177,2026-05-07 19:55:25,7,133,DELIVERED,28.77,SDD
907748,7002309,5049,2026-05-07 11:44:07,7,119,ARRIVE,27.25,EXP
907624,7002269,5162,2026-05-07 14:25:05,4,128,ARRIVE,22.58,EXP
907552,7002251,5045,2026-05-07 20:24:45,10,123,ARRIVE,22.71,SDD
907823,7002331,5118,2026-05-07 07:07:35,6,116,ARRIVE,43.0,SDD
907909,7002360,5163,2026-05-07 09:46:39,7,119,OUT_FOR_DELIVERY,17.7,STD
907965,7002379,5065,2026-05-07 12:02:54,3,120,ARRIVE,34.12,SDD
907850,7002341,5066,2026-05-07 11:18:30,6,132,PICKUP,32.13,STD
908208,7002458,5158,2026-05-07 14:20:04,10,139,FAILED,0.51,ECO
907540,7002249,5159,2026-05-07 11:51:03,10,104,PICKUP,"13,6",EXP
908186,7002451,5191,2026-05-07 18:25:04,8,117,DEPART,28.04,STD
908443,7002522,5188,2026-05-07 06:50:20,6,118,OUT_FOR_DELIVERY,31.44,ECO
908144,7002436,5048,2026-05-07 16:06:19,4,138,ARRIVE,44.77,SDD
907443,7002217,5193,2026-05-07 16:17:20,4,120,ARRIVE,35.33,ECO
907618,7002266,5092,2026-05-07 14:30:18,6,104,DEPART,10.36,ECO
907840,7002336,5102,2026-05-07 11:03:05,8,137,PICKUP,42.64,SDD
908133,7002432,5134,2026-05-07 09:45:53,8,127,OUT_FOR_DELIVERY,22.66,ECO
908255,7002474,5055,2026-05-07 11:04:56,1,117,PICKUP,23.72,STD
907837,7002335,5108,2026-05-07 09:08:30,2,111,DELIVERED,24.47,EXP
908403,7002511,5105,2026-05-07 19:05:48,7,104,DEPART,1.62,ECO
907313,7002185,5015,2026-05-07 17:17:50,4,116,OUT_FOR_DELIVERY,24.37,STD
907769,7002312,5183,2026-05-07 07:42:38,9,108,DELIVERED,17.61,ECO
907774,7002315,5153,2026-05-07 08:30:56,8,131,PICKUP,8.06,STD
908236,7002470,5180,2026-05-07 21:49:07,1,136,DEPART,21.19,ECO
907599,7002261,5040,2026-05-07 16:15:31,1,117,ARRIVE,20.38,ECO
907640,7002275,5103,2026-05-07 13:55:29,9,139,PICKUP,34.2,STD
907978,7002382,5170,2026-05-07 06:03:01,2,138,OUT_FOR_DELIVERY,41.45,ECO
908407,7002512,5188,2026-05-07 19:44:37,5,106,ARRIVE,25.55,ECO
907580,7002258,5147,2026-05-07 20:10:16,6,125,DEPART,32.83,STD
907585,7002258,5139,2026-05-07 10:14:59,4,120,ARRIVE,42.15,EXP
907479,7002229,5199,2026-05-07 06:12:27,4,102,DELIVERED,24.61,STD
907996,7002383,5011,2026-05-07 11:13:40,10,133,depart,20.85,STD
907663,7002280,5001,2026-05-07 21:18:40,10,113,OUT_FOR_DELIVERY,35.77,ECO
907925,7002367,5161,2026-05-07 15:03:04,6,122,FAILED,0.43,ECO
907672,7002285,5147,2026-05-07 13:45:35,7,109,OUT_FOR_DELIVERY,18.02,SDD
908335,7002495,5141,2026-05-07 15:30:02,8,128,DELIVERED,7.13,ECO
907387,7002202,5130,2026-05-07 19:45:28,8,111,ARRIVE,19.41,SDD
908194,7002452,5093,2026-05-07 07:48:41,9,105,DELIVERED,6.35,SDD
907982,7002382,5146,2026-05-07 09:20:19,6,127,DEPART,4.71,EXP
908413,7002514,5179,2026-05-07 15:07:05,10,140,DEPART,40.13,ECO
907519,7002244,5165,2026-05-07 19:39:54,2,124,DELIVERED,22.06,SDD
908171,7002445,5095,2026-05-07 11:50:22,9,123,DEPART,40.91,SDD
908070,7002411,5110,2026-05-07 11:30:55,7,125,PICKUP,30.47,STD
907587,7002258,5183,2026-05-07 11:47:19,8,106,ARRIVE,30.38,SDD
907956,7002377,5105,2026-05-07 12:25:03,7,136,ARRIVE,22.23,EXP
908307,7002487,5112,2026-05-07 21:47:42,1,113,ARRIVE,37.01,SDD
908388,7002507,5126,2026-05-07 10:57:25,3,140,PICKUP,41.8,STD
908202,7002454,5122,2026-05-07 16:54:04,3,111,DEPART,1.93,SDD
907802,7002327,5071,2026-05-07 16:47:15,9,110,ARRIVE,3.78,SDD
908108,7002422,5129,2026-05-07 20:26:19,7,123,DEPART,32.87,EXP
908004,7002386,5024,2026-05-07 09:17:53,2,134,DELIVERED,38.51,ECO
908327,7002493,5041,2026-05-07 21:39:24,5,115,PICKUP,39.07,EXP
908326,7002493,5143,2026-05-07 11:23:07,7,119,ARRIVE,36.8,ECO
908313,7002490,5191,2026-05-07 21:28:16,8,109,FAILED,36.98,ECO
907728,7002299,5045,2026-05-07 13:18:09,6,104,OUT_FOR_DELIVERY,36.98,ECO
907557,7002252,5192,2026-05-07 14:33:06,4,107,failed,19.9,STD
908066,7002409,5029,2026-05-07 11:45:19,3,129,PICKUP,"25,77",ECO
907577,7002258,5165,2026-05-07 21:37:22,10,122,DELIVERED,"47,2",ECO
907750,7002309,5029,2026-05-07 18:36:21,8,126,DEPART,1.03,SDD
908105,7002421,5016,2026-05-07 17:29:49,7,123,DELIVERED,5.61,EXP
908049,7002401,5053,2026-05-07 14:51:20,1,122,ARRIVE,39.24,STD
907729,7002300,5144,2026-05-07 12:51:26,6,104,DEPART,19.15,EXP
907869,7002349,5036,2026-05-07 06:54:52,8,134,PICKUP,40.1,EXP
908071,7002411,5082,2026-05-07 06:23:44,3,104,ARRIVE,22.61,SDD
908273,7002481,5103,2026-05-07 06:30:39,7,139,FAILED,19.44,ECO
907464,7002223,5171,2026-05-07 19:24:31,9,111,OUT_FOR_DELIVERY,42.39,EXP
907927,7002367,5144,2026-05-07 06:49:14,3,122,DELIVERED,3.78,EXP
908224,7002464,5120,2026-05-07 07:45:11,7,124,OUT_FOR_DELIVERY,31.44,ECO
907381,7002200,5085,2026-05-07 16:35:50,9,131,FAILED,19.06,STD
907783,7002321,5154,2026-05-07 17:21:49,8,126,DELIVERED,12.32,EXP
908109,7002423,5140,2026-05-07 08:38:37,7,119,OUT_FOR_DELIVERY,29.7,SDD
907484,7002230,5046,2026-05-07 07:31:59,8,115,PICKUP,30.93,STD
908140,7002435,5091,2026-05-07 16:29:13,1,129,FAILED,10.15,STD
907630,7002272,5035,2026-05-07 08:24:25,8,132,DEPART,37.26,ECO
907747,7002308,5091,2026-05-07 13:15:44,7,111,DEPART,14.58,STD
908455,7002524,5075,2026-05-07 14:28:26,7,136,DELIVERED,5.72,EXP
907639,7002274,5122,2026-05-07 18:20:23,10,105,OUT_FOR_DELIVERY,39.88,STD
908424,7002517,5110,2026-05-07 07:53:30,10,101,PICKUP,4.56,STD
908076,7002414,5023,2026-05-07 13:45:13,2,128,PICKUP,2.92,ECO
908211,7002459,5196,2026-05-07 15:09:46,9,129,FAILED,3.15,ECO
907622,7002268,5124,2026-05-07 08:57:57,10,136,depart,25.69,ECO
907589,7002259,5104,2026-05-07 16:56:22,10,101,DEPART,14.79,ECO
908317,7002491,5120,2026-05-07 07:21:00,9,114,DEPART,25.93,STD
907379,7002199,5164,2026-05-07 10:14:47,9,113,ARRIVE,38.8,STD
908148,7002439,5059,2026-05-07 17:11:17,9,127,ARRIVE,14.82,EXP
907378,7002199,5142,2026-05-07 21:17:09,5,106,ARRIVE,"42,43",SDD
907721,7002297,5009,2026-05-07 12:02:45,10,123,DEPART,26.58,ECO
908263,7002476,5082,2026-05-07 19:48:14,9,126,FAILED,10.63,SDD
908463,7002526,5118,2026-05-07 06:31:13,9,126,PICKUP,40.08,ECO
908213,7002460,5184,2026-05-07 13:24:19,3,116,delivered,1.04,SDD
907601,7002261,5122,2026-05-07 20:44:37,8,124,OUT_FOR_DELIVERY,34.94,ECO
908210,7002459,5002,2026-05-07 07:43:33,2,135,FAILED,28.67,STD
908122,7002428,5133,2026-05-07 21:52:00,7,107,PICKUP,17.98,ECO
907626,7002269,5198,2026-05-07 06:26:39,5,127,OUT_FOR_DELIVERY,43.9,ECO
908451,7002523,5103,2026-05-07 13:47:49,5,126,PICKUP,26.28,STD
907824,7002331,5056,2026-05-07 19:32:11,2,119,DELIVERED,16.49,ECO
907707,7002293,5124,2026-05-07 14:38:08,10,114,PICKUP,33.38,SDD
908419,7002515,5132,2026-05-07 12:41:32,7,135,FAILED,17.93,SDD
908157,7002441,5154,2026-05-07 10:35:13,9,108,FAILED,38.56,SDD
907408,7002208,5176,2026-05-07 11:19:22,6,124,PICKUP,1.93,ECO
908422,7002516,5039,2026-05-07 11:01:37,1,110,DELIVERED,45.09,STD
908450,7002522,5094,2026-05-07 07:12:36,4,121,FAILED,16.34,EXP
907411,7002208,5049,2026-05-07 06:33:24,3,134,FAILED,14.96,STD
908197,7002454,5141,2026-05-07 11:17:22,99,110,FAILED,4.93,SDD
907878,7002351,5196,2026-05-07 18:41:09,2,115,FAILED,17.01,ECO
908350,7002496,5169,2026-05-07 11:57:01,3,108,DEPART,21.79,SDD
908125,7002430,5021,2026-05-07 18:35:03,6,113,DELIVERED,8.02,EXP
907595,7002261,5039,2026-05-07 11:55:56,5,127,DEPART,7.38,SDD
907851,7002341,5040,2026-05-07 18:36:02,3,114,OUT_FOR_DELIVERY,40.23,EXP
907566,7002255,5051,2026-05-07 08:27:39,4,107,OUT_FOR_DELIVERY,40.4,ECO
907653,7002279,5048,2026-05-07 12:14:37,8,111,OUT_FOR_DELIVERY,8.43,ECO
907818,7002330,5188,07/05/2026 15:05,2,106,PICKUP,19.71,ECO
907395,7002203,5177,2026-05-07 13:55:47,9,116,OUT_FOR_DELIVERY,27.8,SDD
907884,7002353,5088,2026-05-07 18:00:45,9,113,ARRIVE,14.6,EXP
908114,7002424,5175,2026-05-07 14:58:32,3,139,DEPART,,STD
908111,7002423,5088,2026-05-07 15:38:15,5,125,FAILED,8.76,STD
907305,7002183,5034,2026-05-07 06:26:19,6,125,DELIVERED,33.97,EXP
907555,7002252,5088,2026-05-07 18:43:24,2,102,OUT_FOR_DELIVERY,13.75,EXP
908142,7002436,5101,2026-05-07 07:38:19,2,132,PICKUP,6.71,SDD
907954,7002376,5090,2026-05-07 15:56:57,3,104,PICKUP,41.38,EXP
908008,7002388,5101,2026-05-07 13:19:49,9,103,DEPART,20.72,EXP
907310,7002185,5039,2026-05-07 15:29:22,2,108,ARRIVE,12.28,ECO
907548,7002251,5065,2026-05-07 13:19:34,2,122,OUT_FOR_DELIVERY,23.8,SDD
907654,7002279,5070,2026-05-07 12:18:23,8,109,DELIVERED,13.67,EXP
908116,7002424,5140,2026-05-07 10:56:19,5,139,DEPART,47.08,ECO
908447,7002522,5121,2026-05-07 12:44:45,8,104,OUT_FOR_DELIVERY,42.82,ECO
908045,7002399,5098,2026-05-07 19:16:17,3,105,DEPART,10.11,STD
907745,7002307,5195,2026-05-07 19:12:30,2,114,DELIVERED,38.23,STD
907905,7002360,5187,2026-05-07 20:05:48,3,122,ARRIVE,21.19,ECO
908020,7002390,5191,2026-05-07 20:09:54,8,129,DELIVERED,19.54,SDD
908339,7002496,5196,2026-05-07 07:31:10,4,122,DELIVERED,4.07,ECO
907908,7002360,5076,2026-05-07 06:43:37,9,125,PICKUP,32.22,SDD
908056,7002405,5173,2026-05-07 18:54:17,5,120,OUT_FOR_DELIVERY,32.91,ECO
907781,7002319,5081,07/05/2026 16:45,3,133,ARRIVE,38.66,EXP
907754,7002310,5038,2026-05-07 15:21:35,4,117,DELIVERED,25.22,SDD
907912,7002362,5180,2026-05-07 12:23:37,9,116,PICKUP,24.11,SDD
907423,7002212,5149,2026-05-07 17:46:37,5,137,DEPART,35.3,EXP
908196,7002453,5008,2026-05-07 09:41:00,6,140,OUT_FOR_DELIVERY,1.4,ECO
908393,7002509,5126,2026-05-07 16:50:42,4,108,OUT_FOR_DELIVERY,10.56,EXP
907975,7002382,5044,2026-05-07 19:58:02,1,124,DEPART,7.1,ECO
908439,7002520,5047,2026-05-07 16:18:15,1,105,OUT_FOR_DELIVERY,6.23,STD
907432,7002215,5065,2026-05-07 21:24:58,4,140,PICKUP,45.36,SDD
908250,7002473,5055,2026-05-07 12:16:18,4,113,DELIVERED,44.23,EXP
908262,7002476,5082,2026-05-07 12:32:11,3,108,ARRIVE,35.98,EXP
907753,7002310,5200,2026-05-07 09:26:19,8,104,PICKUP,46.61,SDD
908302,7002487,5143,2026-05-07 07:38:33,9,123,PICKUP,47.81,EXP
907759,7002311,5193,2026-05-07 21:14:09,7,109,FAILED,18.18,SDD
908145,7002437,5131,2026-05-07 19:14:53,6,124,FAILED,27.13,ECO
907568,7002256,5053,2026-05-07 18:18:51,2,113,DELIVERED,21.45,ECO
907410,7002208,5064,07/05/2026 15:11,5,135,DEPART,34.22,STD
908385,7002507,5050,2026-05-07 10:15:43,1,106,OUT_FOR_DELIVERY,18.55,ECO
907986,7002382,5165,2026-05-07 19:09:01,10,107,ARRIVE,12.3,ECO
907677,7002286,5132,07/05/2026 08:30,4,133,ARRIVE,32.7,ECO
907598,7002261,5099,2026-05-07 20:35:30,1,132,FAILED,46.9,SDD
907542,7002249,5013,2026-05-07 09:34:13,10,107,DELIVERED,47.97,SDD
907417,7002210,5150,07/05/2026 09:45,7,103,FAILED,19.72,SDD
907398,7002203,5177,2026-05-07 19:09:35,10,101,PICKUP,25.19,SDD
907680,7002287,5123,2026-05-07 17:30:13,5,131,ARRIVE,41.97,EXP
907364,7002196,5149,2026-05-07 11:59:29,10,115,FAILED,9.56,SDD
907911,7002361,5126,2026-05-07 21:40:56,4,136,DEPART,28.76,STD
908093,7002419,5145,2026-05-07 11:04:16,10,109,FAILED,34.97,EXP
908090,7002418,5176,2026-05-07 12:31:27,9,123,ARRIVE,46.71,SDD
908418,7002515,5143,2026-05-07 15:56:34,1,125,DEPART,18.05,ECO
907623,7002268,5098,2026-05-07 19:52:31,4,107,OUT_FOR_DELIVERY,8.08,EXP
908284,7002483,5120,2026-05-07 12:15:59,8,101,OUT_FOR_DELIVERY,28.68,STD
908332,7002494,5114,2026-05-07 18:51:08,5,120,OUT_FOR_DELIVERY,12.26,ECO
907888,7002354,5023,2026-05-07 20:50:33,9,104,FAILED,38.08,ECO
907737,7002305,5102,2026-05-07 10:29:52,9,108,ARRIVE,"4,6",SDD
908373,7002504,5045,2026-05-07 20:14:22,3,105,delivered,18.06,ECO
908055,7002405,5026,2026-05-07 13:23:11,10,101,DELIVERED,41.57,EXP
907919,7002365,5007,2026-05-07 09:07:37,9,134,ARRIVE,6.29,STD
908316,7002491,5129,2026-05-07 13:17:07,8,133,FAILED,24.18,SDD
908348,7002496,5173,2026-05-07 10:37:13,9,128,DELIVERED,44.59,EXP
907547,7002251,5039,2026-05-07 11:18:12,10,117,FAILED,21.78,STD
908333,7002495,5177,2026-05-07 10:34:01,6,118,out_for_delivery,12.71,EXP
907777,7002317,5126,2026-05-07 13:09:23,8,106,DELIVERED,11.11,ECO
907477,7002229,5104,2026-05-07 11:30:19,2,111,DELIVERED,495.83,STD
908106,7002421,5019,2026-05-07 14:33:36,3,134,arrive,"6,32",STD
907329,7002189,5181,2026-05-07 06:10:30,9,116,ARRIVE,36.08,STD
908223,7002463,5073,2026-05-07 18:51:13,3,110,DEPART,11.78,SDD
908085,7002416,5003,2026-05-07 17:16:50,3,123,FAILED,30.99,STD
907409,7002208,5020,2026-05-07 17:16:27,3,103,ARRIVE,43.55,EXP
908212,7002459,5154,07/05/2026 11:13,2,124,ARRIVE,27.58,EXP
908081,7002416,5075,2026-05-07 21:53:20,10,101,OUT_FOR_DELIVERY,27.01,STD
908467,7002527,5062,2026-05-07 12:19:00,4,104,PICKUP,35.29,SDD
907857,7002346,5032,2026-05-07 21:22:10,6,119,FAILED,47.19,STD
908072,7002412,5027,2026-05-07 06:50:34,6,115,PICKUP,23.6,ECO
908361,7002499,5123,2026-05-07 16:03:17,6,133,OUT_FOR_DELIVERY,33.83,STD
907505,7002240,5016,2026-05-07 10:21:56,3,104,arrive,30.21,ECO
908040,7002396,5112,2026-05-07 06:38:20,10,115,ARRIVE,27.72,STD
907761,7002312,5099,2026-05-07 12:57:58,8,127,OUT_FOR_DELIVERY,11.05,SDD
908245,7002472,5143,2026-05-07 15:36:32,4,124,OUT_FOR_DELIVERY,"26,77",EXP
908398,7002509,5103,2026-05-07 09:21:57,8,114,FAILED,29.11,SDD
908416,7002515,5156,2026-05-07 09:55:17,7,130,ARRIVE,23.03,ECO
907539,7002249,5130,2026-05-07 07:05:08,5,136,DELIVERED,38.8,SDD
907801,7002327,5182,2026-05-07 11:03:38,6,109,FAILED,9.39,SDD
907516,7002244,5079,2026-05-07 18:19:02,6,120,DELIVERED,35.26,SDD
907651,7002278,5003,2026-05-07 20:13:37,3,114,OUT_FOR_DELIVERY,27.82,ECO
907488,7002233,5067,2026-05-07 17:15:36,2,,DEPART,7.09,ECO
907843,7002338,5083,2026-05-07 10:59:24,2,131,ARRIVE,40.5,EXP
907673,7002285,5094,2026-05-07 15:03:14,9,118,ARRIVE,10.37,EXP
907356,7002195,5015,2026-05-07 21:26:22,8,113,ARRIVE,31.75,SDD
908181,7002451,5119,2026-05-07 21:23:15,7,123,DELIVERED,42.9,ECO
907414,7002209,5149,2026-05-07 19:19:37,1,134,DELIVERED,32.73,SDD
907998,7002383,5116,07/05/2026 13:27,8,119,DEPART,4.67,SDD
908271,7002480,5172,2026-05-07 11:18:38,4,110,FAILED,7.52,SDD
908336,7002495,5068,2026-05-07 17:58:48,8,137,OUT_FOR_DELIVERY,25.47,EXP
907995,7002383,5023,2026-05-07 16:00:32,3,115,OUT_FOR_DELIVERY,10.21,ECO
908409,7002513,5129,2026-05-07 08:12:03,2,124,DELIVERED,3.08,STD
908239,7002470,5158,2026-05-07 15:58:00,4,138,PICKUP,35.46,ECO
907546,7002251,5041,07/05/2026 16:05,10,103,ARRIVE,2.36,EXP
907703,7002293,5142,2026-05-07 09:25:39,4,124,DELIVERED,37.1,ECO
907439,7002216,5091,2026-05-07 17:12:35,3,104,ARRIVE,1.05,SDD
907361,7002195,5098,2026-05-07 11:28:35,2,138,ARRIVE,32.06,STD
908314,7002491,5127,2026-05-07 16:18:52,3,107,OUT_FOR_DELIVERY,13.96,EXP
908054,7002404,5065,2026-05-07 16:25:41,9,125,PICKUP,47.88,EXP
907564,7002254,5056,2026-05-07 07:31:56,4,107,ARRIVE,38.72,ECO
908187,7002451,5094,2026-05-07 12:08:46,7,106,FAILED,17.13,SDD
908433,7002519,5044,2026-05-07 10:46:38,4,119,DEPART,8.95,SDD
907371,7002197,5174,2026-05-07 08:01:44,4,119,OUT_FOR_DELIVERY,23.37,EXP
908152,7002441,5117,2026-05-07 10:03:05,5,137,DELIVERED,19.9,SDD
908126,7002430,5200,2026-05-07 17:05:04,7,102,DEPART,39.11,STD
907543,7002250,5061,2026-05-07 09:23:06,9,114,PICKUP,18.11,EXP
907968,7002379,5184,07/05/2026 13:18,7,140,OUT_FOR_DELIVERY,10.4,SDD
908466,7002527,5199,2026-05-07 07:22:48,6,123,ARRIVE,,SDD
907872,7002350,5110,2026-05-07 19:15:08,2,135,DEPART,34.61,ECO
908017,7002390,5119,2026-05-07 08:58:44,3,101,DELIVERED,26.04,EXP
907597,7002261,5002,07/05/2026 06:03,9,125,DELIVERED,46.58,STD
907527,7002246,5189,2026-05-07 07:30:08,4,136,PICKUP,20.26,SDD
908354,7002496,5130,2026-05-07 14:17:03,10,123,DELIVERED,44.71,EXP
907743,7002307,5020,2026-05-07 06:22:59,10,140,PICKUP,13.22,SDD
907695,7002291,5157,2026-05-07 07:17:50,2,120,depart,10.77,STD
907317,7002186,5123,2026-05-07 21:44:13,1,101,ARRIVE,31.81,STD
907958,7002378,5144,2026-05-07 19:26:39,5,108,DELIVERED,"34,33",EXP
907812,7002328,5120,2026-05-07 11:06:41,3,111,OUT_FOR_DELIVERY,"37,06",EXP
908041,7002396,5016,2026-05-07 16:45:08,9,103,OUT_FOR_DELIVERY,43.72,ECO
908231,7002468,5173,2026-05-07 06:21:49,1,128,FAILED,1.67,STD
907719,7002295,5178,2026-05-07 14:08:25,10,121,FAILED,38.36,SDD
907603,7002263,5038,2026-05-07 11:26:26,10,121,OUT_FOR_DELIVERY,44.48,STD
908075,7002414,5031,2026-05-07 12:48:20,2,120,FAILED,4.79,ECO
907788,7002322,5172,2026-05-07 21:19:56,1,110,PICKUP,36.21,ECO
908192,7002452,5029,2026-05-07 11:18:10,5,106,DELIVERED,31.34,STD
908337,7002496,5088,2026-05-07 09:52:03,9,107,FAILED,47.0,ECO
907428,7002214,5194,2026-05-07 08:32:05,8,127,ARRIVE,24.42,ECO
908449,7002522,5099,2026-05-07 19:54:16,1,111,PICKUP,45.66,EXP
907712,7002293,5058,2026-05-07 14:21:42,5,122,FAILED,22.33,SDD
907979,7002382,5063,2026-05-07 06:35:09,3,125,PICKUP,13.63,EXP
908358,7002498,5075,2026-05-07 13:33:10,8,,pickup,,EXP
908104,7002421,5063,2026-05-07 08:28:05,1,127,ARRIVE,9.83,ECO
907550,7002251,5121,2026-05-07 17:12:38,9,125,ARRIVE,36.37,STD
907784,7002321,5075,2026-05-07 19:35:32,9,109,DELIVERED,37.32,ECO
907687,7002289,5066,2026-05-07 20:07:46,2,107,DELIVERED,35.4,ECO
907500,7002237,5070,2026-05-07 11:47:37,8,128,DEPART,15.3,STD
908470,7002528,5151,2026-05-07 08:12:45,6,113,DELIVERED,30.28,SDD
908228,7002466,5131,2026-05-07 15:10:17,6,109,DELIVERED,31.94,ECO
907459,7002222,5085,2026-05-07 17:32:50,9,110,ARRIVE,34.99,SDD
908130,7002431,5056,2026-05-07 06:08:12,2,129,FAILED,25.54,SDD
908200,7002454,5168,2026-05-07 06:37:59,5,110,DELIVERED,47.67,SDD
907392,7002203,5030,2026-05-07 09:58:53,5,112,ARRIVE,20.05,SDD
908134,7002432,5111,2026-05-07 11:11:13,8,118,ARRIVE,44.29,ECO
908176,7002447,5161,2026-05-07 08:29:17,5,103,FAILED,27.67,EXP
908477,7002532,5107,2026-05-07 11:03:24,6,127,DEPART,19.34,EXP
908234,7002469,5124,2026-05-07 19:06:50,7,128,PICKUP,1.08,ECO
907490,7002234,5110,2026-05-07 08:52:38,7,138,OUT_FOR_DELIVERY,4.41,STD
907615,7002265,5155,2026-05-07 17:51:53,7,105,PICKUP,18.06,STD
907834,7002334,5036,2026-05-07 15:01:21,10,119,DEPART,32.63,EXP
907757,7002310,5042,2026-05-07 21:03:29,9,123,DEPART,17.09,STD
907915,7002363,5038,2026-05-07 21:30:03,8,121,out_for_delivery,24.38,ECO
907704,7002293,5172,2026-05-07 14:47:11,6,115,DEPART,21.38,STD
907563,7002254,5139,2026-05-07 15:43:23,10,118,DEPART,36.04,ECO
908384,7002506,5050,2026-05-07 15:07:15,3,119,OUT_FOR_DELIVERY,25.37,SDD
907831,7002333,5106,07/05/2026 17:38,4,140,OUT_FOR_DELIVERY,1.34,SDD
908082,7002416,5039,2026-05-07 15:54:00,8,125,DELIVERED,43.49,ECO
907390,7002203,5111,2026-05-07 17:37:46,4,129,FAILED,19.03,ECO
908286,7002484,5093,2026-05-07 14:51:12,9,139,DEPART,11.16,EXP
908117,7002425,5092,2026-05-07 10:03:25,10,130,DELIVERED,46.58,SDD
907799,7002326,5119,2026-05-07 13:51:47,7,129,OUT_FOR_DELIVERY,28.64,ECO
907770,7002312,5088,2026-05-07 10:11:29,8,107,ARRIVE,30.78,STD
908137,7002434,5046,2026-05-07 11:03:40,3,138,FAILED,2.4,ECO
907314,7002185,5131,2026-05-07 20:43:20,4,,DELIVERED,15.78,STD
908334,7002495,5156,2026-05-07 08:35:10,6,135,DELIVERED,43.68,ECO
908063,7002408,5150,2026-05-07 21:31:49,5,109,DEPART,18.89,ECO
907339,7002192,5183,2026-05-07 08:04:23,9,127,PICKUP,12.58,EXP
908261,7002476,5063,2026-05-07 13:59:59,2,138,DELIVERED,11.11,STD
908229,7002467,5003,2026-05-07 08:39:19,6,107,DELIVERED,15.53,ECO
907386,7002202,5056,2026-05-07 20:31:51,8,138,OUT_FOR_DELIVERY,26.27,EXP
907727,7002299,5018,2026-05-07 20:42:13,6,140,FAILED,13.51,EXP
907611,7002264,5155,2026-05-07 19:26:59,4,120,OUT_FOR_DELIVERY,22.3,STD
907767,7002312,5158,2026-05-07 12:42:49,5,109,FAILED,37.15,SDD
907827,7002332,5050,2026-05-07 13:40:05,3,107,FAILED,0.96,ECO
907551,7002251,5040,2026-05-07 06:52:29,1,123,PICKUP,0.99,EXP
907374,7002198,5066,2026-05-07 07:57:09,4,101,DELIVERED,11.84,SDD
907360,7002195,5040,2026-05-07 20:27:39,3,140,PICKUP,33.04,EXP
907413,7002209,5119,2026-05-07 17:19:18,10,138,FAILED,11.53,SDD
907976,7002382,5121,2026-05-07 18:17:33,8,134,ARRIVE,28.46,ECO
907700,7002292,5102,2026-05-07 08:13:37,5,135,PICKUP,25.97,SDD
908446,7002522,5153,2026-05-07 21:05:06,7,122,ARRIVE,14.13,STD
907556,7002252,5094,2026-05-07 10:36:57,10,131,DELIVERED,8.7,SDD
908266,7002478,5181,2026-05-07 09:30:23,10,110,ARRIVE,32.29,SDD
908050,7002402,5031,2026-05-07 11:32:32,6,110,FAILED,20.02,EXP
908440,7002521,5119,2026-05-07 10:09:58,4,106,PICKUP,2.2,ECO
907856,7002345,5181,2026-05-07 18:21:18,8,140,PICKUP,16.74,SDD
907492,7002235,5002,2026-05-07 13:46:14,1,112,DELIVERED,43.08,ECO
907324,7002188,5104,2026-05-07 14:02:37,2,139,PICKUP,18.75,SDD
907570,7002256,5045,2026-05-07 11:01:58,9,110,PICKUP,32.32,STD
908069,7002411,5174,2026-05-07 14:41:35,9,124,ARRIVE,40.4,EXP
907796,7002325,5180,2026-05-07 08:33:07,5,109,OUT_FOR_DELIVERY,36.53,SDD
908143,7002436,5100,2026-05-07 12:53:32,10,115,FAILED,35.66,SDD
908201,7002454,5099,2026-05-07 21:25:51,1,119,OUT_FOR_DELIVERY,10.0,STD
908429,7002519,5099,2026-05-07 06:27:21,8,127,delivered,46.91,ECO
908456,7002524,5130,2026-05-07 11:51:49,6,121,OUT_FOR_DELIVERY,0.31,STD
907412,7002209,5082,2026-05-07 11:51:21,3,114,DELIVERED,41.54,EXP
907893,7002356,5085,07/05/2026 06:33,6,131,DELIVERED,29.77,EXP
907502,7002238,5018,2026-05-07 06:49:58,8,125,DEPART,13.52,STD
907544,7002250,5064,2026-05-07 20:08:32,8,132,FAILED,,ECO
907768,7002312,5033,2026-05-07 13:54:49,9,122,FAILED,7.66,SDD
908238,7002470,5167,2026-05-07 17:23:45,8,105,arrive,44.74,STD
908178,7002448,5173,2026-05-07 20:04:10,7,130,OUT_FOR_DELIVERY,25.88,ECO
908074,7002413,5016,2026-05-07 11:16:49,6,123,ARRIVE,0.95,SDD
908399,7002509,5142,2026-05-07 10:52:46,7,104,DELIVERED,"38,77",EXP
907683,7002288,5038,2026-05-07 18:52:43,3,119,DEPART,29.83,EXP
907357,7002195,5158,2026-05-07 07:37:14,6,112,PICKUP,45.97,SDD
908124,7002429,5006,2026-05-07 08:16:34,3,110,ARRIVE,46.39,EXP
908272,7002480,5141,2026-05-07 10:19:16,7,119,depart,35.67,STD
908237,7002470,5038,2026-05-07 21:03:20,5,127,OUT_FOR_DELIVERY,33.69,ECO
908340,7002496,5083,2026-05-07 08:18:51,5,128,FAILED,37.34,EXP
907934,7002370,5069,2026-05-07 07:53:34,8,106,PICKUP,7.45,ECO
908005,7002387,5069,2026-05-07 13:13:49,10,121,DELIVERED,35.47,SDD
907974,7002382,5010,2026-05-07 06:39:49,6,101,FAILED,34.76,ECO
907404,7002206,5069,2026-05-07 09:57:14,9,110,FAILED,23.79,EXP
907472,7002227,5095,2026-05-07 12:13:57,6,132,OUT_FOR_DELIVERY,7.87,ECO
908013,7002389,5055,2026-05-07 20:56:31,4,105,FAILED,22.38,ECO
908258,7002475,5028,2026-05-07 06:31:00,2,131,OUT_FOR_DELIVERY,45.76,EXP
908165,7002444,5022,2026-05-07 10:53:03,5,114,FAILED,22.27,ECO
908161,7002442,5004,2026-05-07 09:04:47,10,120,ARRIVE,26.36,STD
907507,7002241,5062,2026-05-07 10:40:25,9,106,OUT_FOR_DELIVERY,11.47,EXP
907776,7002316,5125,2026-05-07 15:07:52,5,119,FAILED,32.28,SDD
907449,7002219,5112,2026-05-07 16:32:09,9,106,DELIVERED,16.79,EXP
908371,7002503,5090,2026-05-07 09:20:07,3,115,PICKUP,32.49,SDD
907475,7002228,5093,2026-05-07 07:06:21,8,128,OUT_FOR_DELIVERY,21.04,SDD
907497,7002237,5026,2026-05-07 18:21:14,2,102,DELIVERED,13.87,ECO
908283,7002483,5046,2026-05-07 13:36:06,3,128,FAILED,19.28,SDD
907354,7002195,5117,2026-05-07 21:17:31,1,131,FAILED,10.8,EXP
907821,7002331,5035,2026-05-07 11:58:28,4,132,DEPART,9.8,EXP
908288,7002484,5106,2026-05-07 07:16:50,1,118,PICKUP,18.2,ECO
907579,7002258,5127,2026-05-07 19:00:12,6,127,ARRIVE,16.51,SDD
907535,7002249,5196,2026-05-07 17:44:04,2,125,DELIVERED,37.86,ECO
907334,7002191,5022,2026-05-07 20:01:49,2,130,PICKUP,39.71,EXP
907537,7002249,5044,2026-05-07 10:39:54,3,124,DEPART,14.44,EXP
908007,7002388,5184,2026-05-07 18:42:40,8,138,FAILED,1.07,ECO
908453,7002523,5010,2026-05-07 14:45:38,3,115,FAILED,9.69,ECO
908098,7002419,5185,2026-05-07 16:50:34,3,131,DELIVERED,25.3,SDD
908441,7002521,5017,2026-05-07 18:57:40,8,136,DEPART,8.6,SDD
908367,7002501,5123,2026-05-07 18:18:45,4,125,DEPART,16.82,ECO
907650,7002277,5046,2026-05-07 12:28:35,4,107,ARRIVE,,STD
907367,7002196,5099,2026-05-07 19:42:19,2,107,FAILED,36.91,SDD
908259,7002475,5001,2026-05-07 13:51:55,5,123,PICKUP,11.97,EXP
907316,7002186,5119,2026-05-07 11:34:11,7,113,PICKUP,42.33,EXP
907948,7002375,5102,2026-05-07 09:36:09,5,133,PICKUP,1.18,EXP
908480,7002532,5132,2026-05-07 20:39:22,6,127,FAILED,4.34,EXP
907366,7002196,5126,2026-05-07 15:26:20,9,111,DEPART,9.5,SDD
907983,7002382,5060,2026-05-07 06:59:11,1,118,PICKUP,30.64,STD
907880,7002351,5086,2026-05-07 11:07:54,10,112,OUT_FOR_DELIVERY,7.12,EXP
907966,7002379,5071,2026-05-07 19:05:35,10,121,OUT_FOR_DELIVERY,45.41,EXP
907706,7002293,5084,2026-05-07 20:12:17,3,105,DELIVERED,20.41,SDD
907394,7002203,5137,2026-05-07 17:39:32,3,112,DEPART,43.45,STD
908342,7002496,5146,2026-05-07 10:31:37,9,130,DEPART,4.19,STD
908246,7002472,5058,2026-05-07 09:25:25,6,136,PICKUP,22.52,STD
908355,7002496,5065,2026-05-07 08:09:10,1,103,OUT_FOR_DELIVERY,31.08,ECO
907486,7002231,5186,2026-05-07 12:57:11,7,137,ARRIVE,14.63,STD
907457,7002221,5041,2026-05-07 20:36:06,2,117,ARRIVE,36.76,SDD
908087,7002417,5024,07/05/2026 08:23,3,103,ARRIVE,15.04,SDD
908052,7002402,5074,2026-05-07 21:30:39,1,107,DEPART,18.91,STD
908256,7002475,5098,2026-05-07 08:09:29,5,133,OUT_FOR_DELIVERY,43.82,SDD
907942,7002373,5158,2026-05-07 18:30:31,7,122,ARRIVE,"26,09",STD
907576,7002258,5069,2026-05-07 12:41:05,6,130,DELIVERED,25.32,SDD
908097,7002419,5101,2026-05-07 20:15:33,8,126,DEPART,7.84,SDD
908311,7002489,5061,2026-05-07 08:01:19,1,138,DEPART,17.97,SDD
907865,7002348,5135,2026-05-07 21:04:34,6,123,PICKUP,32.11,ECO
907780,7002319,5139,2026-05-07 14:03:41,8,127,DEPART,19.57,STD
907437,7002216,5104,2026-05-07 16:49:13,9,103,OUT_FOR_DELIVERY,16.01,STD
907560,7002253,5150,2026-05-07 20:29:16,4,130,DELIVERED,30.3,STD
908479,7002532,5098,2026-05-07 15:56:33,9,126,OUT_FOR_DELIVERY,0.46,STD
907708,7002293,5138,2026-05-07 09:14:03,3,135,OUT_FOR_DELIVERY,43.76,SDD
908436,7002519,5088,2026-05-07 16:03:01,4,104,DEPART,15.63,STD
908292,7002484,5084,2026-05-07 17:46:30,10,136,PICKUP,"24,78",SDD
907711,7002293,5180,2026-05-07 20:22:58,6,108,DEPART,34.81,SDD
908390,7002509,5110,2026-05-07 07:01:33,3,140,OUT_FOR_DELIVERY,0.7,ECO
907328,7002189,5030,2026-05-07 17:36:21,2,122,DELIVERED,29.53,EXP
907977,7002382,5102,2026-05-07 06:41:21,8,121,PICKUP,44.46,STD
907322,7002187,5003,2026-05-07 09:54:17,2,118,FAILED,32.01,EXP
907452,7002219,5121,2026-05-07 13:38:02,6,135,ARRIVE,30.92,SDD
907972,7002381,5179,2026-05-07 14:14:17,4,114,FAILED,25.48,EXP
908377,7002505,5175,2026-05-07 20:52:03,8,115,PICKUP,24.89,EXP
908057,7002405,5185,2026-05-07 08:18:46,7,135,DELIVERED,22.41,SDD
907820,7002330,5034,2026-05-07 21:03:50,1,121,DELIVERED,1.01,SDD
908265,7002477,5150,2026-05-07 21:59:41,10,118,ARRIVE,6.26,STD
908248,7002473,5038,2026-05-07 10:21:04,2,112,ARRIVE,"0,36",STD
908206,7002456,5140,2026-05-07 21:08:26,7,112,OUT_FOR_DELIVERY,2.85,SDD
907628,7002270,5130,2026-05-07 11:35:28,4,121,ARRIVE,11.97,STD
907838,7002335,5133,2026-05-07 15:44:30,10,112,PICKUP,"28,51",SDD
907330,7002189,5016,2026-05-07 09:29:53,4,131,PICKUP,34.83,EXP
907659,7002280,5067,2026-05-07 14:27:54,2,106,OUT_FOR_DELIVERY,"16,64",EXP
908235,7002469,5171,2026-05-07 21:35:40,9,102,DELIVERED,20.07,EXP
907658,7002280,5075,2026-05-07 19:11:34,1,126,PICKUP,37.47,EXP
907608,7002264,5127,2026-05-07 20:44:14,7,108,delivered,7.27,EXP
908164,7002444,5123,2026-05-07 21:07:54,3,106,PICKUP,32.98,ECO
908083,7002416,5084,2026-05-07 15:47:31,2,138,ARRIVE,43.86,STD
907778,7002318,5070,2026-05-07 21:42:33,4,133,PICKUP,28.88,ECO
908149,7002439,5191,2026-05-07 16:42:04,4,115,ARRIVE,10.41,ECO
907358,7002195,5050,2026-05-07 19:27:41,2,116,DEPART,28.92,SDD
908160,7002442,5023,2026-05-07 13:43:42,8,129,DEPART,35.75,EXP
908011,7002389,5080,2026-05-07 13:33:21,99,119,DEPART,20.29,ECO
908452,7002523,5041,2026-05-07 15:26:54,4,132,DEPART,39.63,SDD
908370,7002503,5165,2026-05-07 20:09:43,5,127,FAILED,37.03,EXP
907315,7002185,5185,07/05/2026 11:37,10,103,PICKUP,44.25,STD
908309,7002489,5107,2026-05-07 18:33:42,2,105,FAILED,5.27,STD
908278,7002483,5009,2026-05-07 06:33:40,5,127,FAILED,12.95,STD
908464,7002527,5151,2026-05-07 07:28:03,8,124,DELIVERED,42.25,STD
907847,7002339,5118,2026-05-07 14:30:31,4,135,DELIVERED,18.1,ECO
907372,7002197,5199,2026-05-07 12:37:13,3,122,PICKUP,1.62,EXP
908078,7002415,5085,2026-05-07 06:30:24,7,130,FAILED,20.93,STD
908039,7002396,5128,2026-05-07 12:54:07,7,125,PICKUP,20.91,ECO
908022,7002391,5182,2026-05-07 06:41:48,9,110,DEPART,22.19,STD
908100,7002419,5112,2026-05-07 17:26:59,7,134,FAILED,10.02,SDD
907907,7002360,5103,2026-05-07 06:05:39,2,105,OUT_FOR_DELIVERY,1.89,SDD
907438,7002216,5090,2026-05-07 20:07:36,9,108,DELIVERED,16.47,SDD
907515,7002244,5176,2026-05-07 12:15:54,7,105,DELIVERED,42.02,ECO
907393,7002203,5100,2026-05-07 15:30:38,1,111,FAILED,44.75,EXP
908010,7002389,5047,07/05/2026 15:33,7,101,FAILED,,ECO
908099,7002419,5031,2026-05-07 12:44:20,9,102,DELIVERED,6.87,EXP
907460,7002222,5127,2026-05-07 19:06:35,10,127,OUT_FOR_DELIVERY,22.1,SDD
908279,7002483,5095,2026-05-07 06:19:54,2,123,ARRIVE,10.01,SDD
907586,7002258,5043,2026-05-07 17:27:38,6,114,DELIVERED,23.83,ECO
908268,7002480,5033,2026-05-07 17:51:28,1,113,ARRIVE,26.45,EXP
907926,7002367,5105,2026-05-07 08:22:12,2,132,OUT_FOR_DELIVERY,43.75,STD
907960,7002378,5043,2026-05-07 19:42:25,2,134,OUT_FOR_DELIVERY,18.29,ECO
908167,7002445,5024,2026-05-07 20:12:10,8,101,FAILED,31.78,EXP
908068,7002411,5024,2026-05-07 16:08:18,99,119,OUT_FOR_DELIVERY,1.86,ECO
907922,7002365,5195,2026-05-07 08:27:48,10,105,DELIVERED,15.27,EXP
908401,7002510,5004,2026-05-07 21:01:33,5,139,ARRIVE,30.53,STD
908221,7002463,5055,2026-05-07 11:21:28,6,134,DEPART,29.89,SDD
907885,7002353,5128,2026-05-07 08:20:54,5,136,DELIVERED,32.68,EXP
908180,7002450,5010,2026-05-07 20:06:40,8,105,PICKUP,12.96,STD
907567,7002256,5181,07/05/2026 17:06,4,137,DEPART,25.53,ECO
908150,7002440,5124,2026-05-07 09:58:17,4,108,PICKUP,29.26,EXP
907779,7002318,5024,2026-05-07 10:27:50,5,135,PICKUP,1.53,STD
907604,7002263,5007,2026-05-07 15:15:58,2,128,PICKUP,21.23,SDD
908182,7002451,5140,2026-05-07 06:50:56,8,126,ARRIVE,45.87,ECO
907670,7002284,5174,2026-05-07 15:27:57,7,129,DEPART,24.33,SDD
908128,7002431,5066,2026-05-07 15:45:49,2,121,ARRIVE,32.68,ECO
908423,7002516,5001,2026-05-07 15:24:55,3,105,PICKUP,3.03,STD
907988,7002382,5046,2026-05-07 17:54:22,10,138,PICKUP,1.35,EXP
908285,7002484,5073,07/05/2026 16:06,6,117,PICKUP,3.24,SDD
907636,7002274,5119,2026-05-07 11:54:15,1,114,DEPART,18.3,EXP
908060,7002407,5154,2026-05-07 07:08:57,7,115,DELIVERED,22.28,SDD
908330,7002494,5162,2026-05-07 07:54:59,2,122,FAILED,21.99,ECO
907431,7002214,5081,2026-05-07 13:20:37,4,136,OUT_FOR_DELIVERY,"31,62",ECO
908369,7002502,5165,2026-05-07 20:03:51,9,113,OUT_FOR_DELIVERY,4.09,SDD
907383,7002200,5194,2026-05-07 12:27:27,4,124,DEPART,47.82,ECO
907311,7002185,5023,2026-05-07 19:43:17,9,119,FAILED,4.48,SDD
907425,7002213,5101,2026-05-07 12:45:35,3,117,PICKUP,25.97,ECO
908351,7002496,5161,2026-05-07 16:53:15,7,133,DELIVERED,22.67,SDD
908400,7002509,5114,2026-05-07 19:09:47,10,114,ARRIVE,22.05,SDD
908002,7002386,5022,2026-05-07 19:34:40,3,114,PICKUP,"30,35",EXP
907964,7002379,5134,2026-05-07 16:32:13,8,105,FAILED,7.32,ECO
908177,7002447,5192,2026-05-07 07:36:53,3,136,FAILED,31.17,EXP
908359,7002498,5048,2026-05-07 15:55:32,2,135,delivered,8.31,EXP
908312,7002490,5015,2026-05-07 07:22:36,2,138,PICKUP,22.94,SDD
907430,7002214,5010,2026-05-07 09:48:50,7,106,FAILED,21.36,STD
907782,7002320,5086,2026-05-07 14:15:54,5,112,ARRIVE,12.36,STD
907405,7002207,5142,2026-05-07 08:49:30,10,138,DELIVERED,20.15,STD
907845,7002339,5195,2026-05-07 13:07:48,8,140,DELIVERED,16.38,SDD
907819,7002330,5063,2026-05-07 08:49:09,9,109,PICKUP,22.36,STD
907689,7002290,5058,2026-05-07 06:29:05,7,108,DELIVERED,9.06,EXP
907981,7002382,5075,2026-05-07 07:44:30,10,134,DELIVERED,25.39,ECO
907937,7002371,5035,2026-05-07 16:55:49,2,134,PICKUP,29.24,SDD
907875,7002351,5016,2026-05-07 06:52:42,6,104,ARRIVE,33.82,ECO
907890,7002354,5159,2026-05-07 16:02:39,2,137,OUT_FOR_DELIVERY,19.1,STD
907795,7002324,5196,2026-05-07 18:06:03,2,104,DEPART,27.88,STD
908059,7002406,5082,2026-05-07 15:02:21,9,110,FAILED,46.84,STD
907752,7002309,5160,2026-05-07 13:47:09,7,123,ARRIVE,19.5,STD
907641,7002275,5047,07/05/2026 13:41,6,103,DELIVERED,17.91,EXP
907807,7002328,5164,2026-05-07 08:59:59,1,102,DEPART,31.34,SDD
908244,7002472,5182,2026-05-07 06:54:39,2,104,DEPART,27.17,STD
907734,7002303,5093,2026-05-07 07:49:42,10,139,OUT_FOR_DELIVERY,13.45,EXP
907854,7002344,5005,2026-05-07 16:29:19,1,132,DEPART,16.52,SDD
907839,7002336,5060,2026-05-07 18:13:45,8,109,DEPART,26.83,EXP
907596,7002261,5016,2026-05-07 08:14:26,8,120,OUT_FOR_DELIVERY,0.27,STD
907424,7002213,5161,2026-05-07 16:43:00,6,129,OUT_FOR_DELIVERY,38.43,EXP
907715,7002293,5003,2026-05-07 09:58:12,8,127,PICKUP,3.71,ECO
908096,7002419,5054,2026-05-07 07:56:34,10,118,DEPART,11.24,ECO
907465,7002223,5065,2026-05-07 19:34:43,8,113,DEPART,20.92,SDD
907584,7002258,5042,2026-05-07 16:04:41,3,117,DEPART,12.3,EXP
907427,7002214,5092,2026-05-07 15:32:09,8,139,DELIVERED,41.13,ECO
908249,7002473,5102,2026-05-07 15:48:24,3,138,DEPART,41.25,STD
907348,7002194,5107,2026-05-07 10:19:24,9,124,DELIVERED,24.44,STD
908408,7002512,5099,2026-05-07 20:42:43,10,137,DEPART,23.15,EXP
908242,7002471,5150,2026-05-07 16:00:46,6,134,DELIVERED,19.04,EXP
907726,7002298,5190,2026-05-07 19:23:09,1,111,ARRIVE,26.61,EXP
907952,7002376,5167,2026-05-07 15:56:35,10,138,OUT_FOR_DELIVERY,26.05,ECO
907501,7002237,5172,2026-05-07 17:29:06,2,104,FAILED,40.0,STD
907612,7002264,5197,2026-05-07 10:58:07,7,137,PICKUP,17.62,STD
907694,7002291,5134,2026-05-07 10:20:12,6,121,DELIVERED,36.78,EXP
907980,7002382,5010,2026-05-07 08:08:57,2,114,OUT_FOR_DELIVERY,23.43,EXP
908387,7002507,5142,2026-05-07 21:03:38,5,110,PICKUP,34.96,EXP
907499,7002237,5193,2026-05-07 16:22:10,3,102,DELIVERED,18.62,STD
908095,7002419,5069,2026-05-07 21:58:01,4,114,PICKUP,18.07,SDD
908028,7002391,5144,2026-05-07 20:37:40,7,113,DELIVERED,29.72,STD
907396,7002203,5003,2026-05-07 13:04:50,1,116,FAILED,9.06,SDD
907569,7002256,5178,07/05/2026 14:31,10,123,ARRIVE,46.18,SDD
907822,7002331,5022,2026-05-07 14:30:27,10,111,DEPART,38.29,ECO
908360,7002499,5016,07/05/2026 18:28,9,117,FAILED,47.95,STD
908444,7002522,5137,2026-05-07 09:30:22,6,107,FAILED,0.83,STD
908147,7002439,5065,2026-05-07 15:45:14,5,120,DELIVERED,5.81,EXP
908465,7002527,5063,2026-05-07 16:42:46,9,113,DEPART,13.35,EXP
907906,7002360,5034,2026-05-07 21:27:35,3,136,PICKUP,3.33,EXP
907882,7002352,5161,2026-05-07 07:06:05,7,127,DELIVERED,16.59,EXP
907625,7002269,5167,2026-05-07 09:37:38,4,126,PICKUP,"41,41",STD
907690,7002291,5052,2026-05-07 13:15:45,3,128,PICKUP,43.62,STD
907725,7002298,5121,2026-05-07 09:22:33,4,119,ARRIVE,21.58,ECO
908141,7002435,5074,2026-05-07 09:08:52,8,102,FAILED,10.79,ECO
907914,7002363,5128,2026-05-07 10:55:29,6,138,OUT_FOR_DELIVERY,28.94,SDD
908205,7002456,5036,2026-05-07 11:26:28,6,137,DEPART,6.08,EXP
908298,7002485,5091,2026-05-07 13:03:42,4,118,OUT_FOR_DELIVERY,6.78,ECO
907319,7002186,5156,2026-05-07 06:05:41,4,107,DELIVERED,40.39,ECO
907649,7002277,5023,2026-05-07 12:50:59,4,114,FAILED,47.41,SDD
908209,7002459,5019,2026-05-07 06:29:20,6,107,DELIVERED,33.63,STD
907538,7002249,5106,2026-05-07 17:14:00,8,102,ARRIVE,10.26,SDD
907308,7002185,5094,2026-05-07 21:38:34,3,119,DEPART,16.26,ECO
908287,7002484,5126,2026-05-07 15:57:30,2,131,ARRIVE,27.95,SDD
908305,7002487,5053,2026-05-07 14:23:37,1,122,DELIVERED,20.36,STD
907419,7002212,5024,2026-05-07 13:33:40,7,137,ARRIVE,29.28,EXP
908338,7002496,5176,2026-05-07 17:03:24,1,135,OUT_FOR_DELIVERY,17.36,ECO
907863,7002348,5064,2026-05-07 12:53:16,8,134,PICKUP,35.3,EXP
908395,7002509,5025,2026-05-07 06:32:04,4,101,OUT_FOR_DELIVERY,5.12,STD
907724,7002298,5089,2026-05-07 16:18:56,9,126,FAILED,0.56,SDD
907742,7002307,5181,2026-05-07 19:10:56,9,119,DELIVERED,"6,99",EXP
908241,7002471,5143,2026-05-07 13:15:51,6,108,OUT_FOR_DELIVERY,27.26,EXP
907494,7002236,5067,2026-05-07 14:18:18,2,119,FAILED,29.13,EXP
907509,7002241,5149,2026-05-07 15:26:57,7,112,FAILED,25.95,EXP
908021,7002391,5028,2026-05-07 09:23:16,7,112,FAILED,35.26,STD
907345,7002194,5104,2026-05-07 07:32:38,1,140,DELIVERED,43.5,EXP
908046,7002400,5074,2026-05-07 10:10:42,5,140,PICKUP,2.81,EXP
908331,7002494,5082,2026-05-07 20:43:15,8,136,PICKUP,34.02,ECO
907766,7002312,5145,2026-05-07 18:32:17,6,134,DEPART,27.31,EXP
907496,7002237,5104,2026-05-07 12:34:35,1,125,ARRIVE,39.14,SDD
907936,7002370,5116,2026-05-07 15:27:26,8,119,DELIVERED,43.07,SDD
907698,7002291,5146,2026-05-07 14:22:57,1,139,DELIVERED,0.81,STD
907442,7002216,5048,2026-05-07 14:58:33,3,131,DEPART,39.4,STD
907627,7002269,5130,2026-05-07 19:15:04,1,103,FAILED,30.21,SDD
908084,7002416,5168,2026-05-07 13:31:43,9,111,DEPART,43.56,STD
908414,7002514,5103,07/05/2026 18:51,7,134,out_for_delivery,35.2,SDD
907962,7002379,5035,2026-05-07 11:24:02,10,138,DELIVERED,10.66,STD
908207,7002457,5191,2026-05-07 18:14:07,6,119,ARRIVE,22.21,ECO
907701,7002292,5076,2026-05-07 06:54:18,5,114,PICKUP,24.52,SDD
908062,7002408,5046,07/05/2026 07:09,4,121,PICKUP,1.36,EXP
908322,7002492,5099,2026-05-07 15:00:47,8,110,OUT_FOR_DELIVERY,29.52,EXP
907613,7002265,5098,2026-05-07 09:06:28,3,136,FAILED,38.25,STD
907997,7002383,5003,2026-05-07 19:16:06,9,106,OUT_FOR_DELIVERY,5.23,ECO
907351,7002195,5138,2026-05-07 07:27:50,6,131,DELIVERED,15.96,ECO
908034,7002394,5079,2026-05-07 19:19:10,7,132,DELIVERED,18.98,ECO
908102,7002420,5002,2026-05-07 15:21:10,9,134,OUT_FOR_DELIVERY,28.6,ECO
908343,7002496,5087,2026-05-07 06:53:42,10,125,FAILED,24.84,SDD
908321,7002492,5027,2026-05-07 16:13:45,1,128,OUT_FOR_DELIVERY,45.38,EXP
907928,7002367,5137,2026-05-07 15:52:35,8,113,PICKUP,31.07,ECO
908042,7002397,5033,2026-05-07 07:13:11,2,124,FAILED,26.87,EXP
907632,7002272,5096,2026-05-07 15:57:46,5,131,ARRIVE,34.27,STD
907681,7002288,5088,2026-05-07 11:21:09,3,116,DELIVERED,17.84,SDD
907674,7002285,5057,2026-05-07 12:45:53,4,131,PICKUP,5.77,EXP
907524,7002244,5015,2026-05-07 09:09:16,1,131,FAILED,21.32,STD
908425,7002517,5158,2026-05-07 15:21:42,6,138,ARRIVE,36.94,STD
907955,7002377,5098,2026-05-07 12:11:58,1,115,PICKUP,22.24,SDD
908320,7002492,5037,2026-05-07 14:25:16,4,110,OUT_FOR_DELIVERY,8.6,ECO
907938,7002371,5122,2026-05-07 12:02:53,6,131,OUT_FOR_DELIVERY,39.7,SDD
908253,7002473,5044,2026-05-07 15:35:33,2,106,PICKUP,41.05,STD
907900,7002359,5057,2026-05-07 12:08:20,8,117,DEPART,43.56,EXP
907943,7002374,5141,2026-05-07 21:27:59,7,106,ARRIVE,2.54,EXP
908118,7002426,5032,2026-05-07 16:36:15,5,128,DEPART,38.52,STD
907903,7002359,5175,2026-05-07 10:01:55,5,117,ARRIVE,24.65,ECO
908428,7002518,5144,2026-05-07 17:54:02,4,133,DEPART,5.64,STD
908214,7002460,5068,2026-05-07 20:04:35,6,140,DELIVERED,27.99,SDD
907720,7002296,5054,2026-05-07 16:26:39,6,122,DEPART,21.59,STD
907474,7002228,5142,2026-05-07 16:36:06,10,101,DEPART,14.41,STD
907634,7002272,5091,2026-05-07 12:10:15,1,113,PICKUP,10.58,ECO
907450,7002219,5180,2026-05-07 19:58:35,4,106,OUT_FOR_DELIVERY,41.61,ECO
908151,7002440,5127,2026-05-07 10:42:39,9,132,DELIVERED,3.99,ECO
907760,7002311,5129,2026-05-07 21:53:52,5,135,DELIVERED,25.03,SDD
907362,7002196,5076,2026-05-07 20:23:57,2,103,PICKUP,44.35,STD
907385,7002202,5047,2026-05-07 15:53:39,4,108,PICKUP,7.65,EXP
907553,7002251,5083,2026-05-07 15:19:17,6,134,ARRIVE,10.99,ECO
908383,7002506,5092,2026-05-07 08:10:40,2,135,PICKUP,23.34,EXP
907536,7002249,5035,2026-05-07 09:29:50,1,133,ARRIVE,9.28,EXP
907616,7002265,5072,2026-05-07 17:40:16,8,104,PICKUP,10.74,STD
908362,7002499,5061,2026-05-07 06:33:28,4,128,PICKUP,5.92,SDD
907959,7002378,5114,2026-05-07 19:41:10,4,137,DELIVERED,46.2,EXP
908459,7002524,5035,2026-05-07 15:51:54,2,121,PICKUP,39.67,STD
908044,7002399,5161,2026-05-07 14:04:37,8,125,PICKUP,28.06,ECO
907498,7002237,5067,2026-05-07 17:28:50,3,127,OUT_FOR_DELIVERY,44.05,SDD
907947,7002375,5126,2026-05-07 10:56:21,9,134,OUT_FOR_DELIVERY,15.91,ECO
907454,7002221,5140,2026-05-07 13:20:00,4,113,FAILED,21.52,SDD
907710,7002293,5001,2026-05-07 13:45:38,4,131,ARRIVE,28.13,ECO
907991,7002382,5048,2026-05-07 14:49:57,1,112,DELIVERED,3.47,ECO
907495,7002236,5100,2026-05-07 09:54:01,8,131,ARRIVE,41.92,ECO
908280,7002483,5020,2026-05-07 17:11:35,4,105,DEPART,14.34,STD
907610,7002264,5137,2026-05-07 16:54:33,4,129,DEPART,9.84,ECO
907571,7002256,5051,2026-05-07 07:03:29,2,137,ARRIVE,24.21,STD
907347,7002194,5195,2026-05-07 21:23:07,2,128,ARRIVE,34.05,SDD
907887,7002354,5142,2026-05-07 19:48:25,4,107,PICKUP,7.68,EXP
907741,7002306,5065,2026-05-07 06:10:00,7,103,PICKUP,41.55,ECO
908290,7002484,5113,2026-05-07 09:49:08,5,128,PICKUP,1.55,ECO
907877,7002351,5019,2026-05-07 20:00:04,10,107,PICKUP,22.29,EXP
907852,7002342,5081,2026-05-07 16:47:50,2,120,OUT_FOR_DELIVERY,33.93,STD
908001,7002385,5125,2026-05-07 19:33:59,3,107,DEPART,9.87,EXP
908051,7002402,5088,2026-05-07 15:51:34,7,105,DELIVERED,7.76,EXP
907458,7002222,5101,2026-05-07 19:42:47,8,104,failed,13.35,STD
907971,7002381,5160,2026-05-07 20:22:44,3,106,PICKUP,15.33,STD
907359,7002195,5193,2026-05-07 18:21:16,1,118,PICKUP,44.43,ECO
908073,7002413,5162,2026-05-07 18:09:25,7,132,FAILED,9.99,EXP
908043,7002398,5168,2026-05-07 12:27:06,5,105,PICKUP,3.79,SDD
907679,7002287,5194,2026-05-07 14:30:08,2,139,ARRIVE,21.47,STD
907463,7002223,5064,2026-05-07 17:39:22,5,136,PICKUP,47.65,STD
907731,7002302,5014,2026-05-07 08:49:20,2,127,FAILED,40.91,ECO
908299,7002486,5152,2026-05-07 06:30:57,6,112,OUT_FOR_DELIVERY,38.05,STD
908000,7002384,5035,2026-05-07 11:51:14,6,109,ARRIVE,26.37,EXP
907716,7002294,5161,2026-05-07 11:30:06,9,117,DEPART,32.72,STD
908173,7002445,5028,2026-05-07 20:31:36,7,136,ARRIVE,34.75,SDD
907699,7002292,5106,2026-05-07 07:51:14,10,101,PICKUP,2.67,ECO
907376,7002198,5136,2026-05-07 10:52:55,8,129,FAILED,23.5,EXP
907633,7002272,5155,2026-05-07 07:44:21,6,119,DELIVERED,4.92,SDD
907614,7002265,5184,2026-05-07 18:54:24,10,129,failed,42.12,SDD
907370,7002196,5031,2026-05-07 08:54:32,1,137,FAILED,41.92,ECO
907814,7002329,5030,2026-05-07 16:29:16,7,136,FAILED,13.66,STD
907377,7002199,5117,2026-05-07 15:22:35,3,127,OUT_FOR_DELIVERY,17.53,STD
908193,7002452,5096,2026-05-07 15:02:51,9,107,FAILED,7.98,ECO
908183,7002451,5179,2026-05-07 07:33:58,7,125,OUT_FOR_DELIVERY,4.74,STD
908015,7002389,5106,2026-05-07 15:44:13,8,102,FAILED,37.54,EXP
908023,7002391,5179,2026-05-07 20:00:51,99,129,ARRIVE,46.57,ECO
907448,7002219,5181,2026-05-07 07:54:17,9,137,FAILED,28.16,STD
908448,7002522,5068,2026-05-07 21:50:27,6,112,PICKUP,34.4,STD
908329,7002494,5104,2026-05-07 17:55:11,10,106,DELIVERED,33.35,STD
907675,7002285,5139,2026-05-07 14:24:18,5,140,ARRIVE,30.6,SDD
908303,7002487,5014,2026-05-07 15:25:32,6,129,ARRIVE,13.76,ECO
907434,7002215,5094,2026-05-07 09:13:41,2,114,OUT_FOR_DELIVERY,1.78,STD
907805,7002327,5094,2026-05-07 16:39:02,4,130,FAILED,19.11,STD
908291,7002484,5174,2026-05-07 09:47:31,1,118,DELIVERED,26.38,STD
908232,7002468,5017,2026-05-07 06:50:11,9,125,DEPART,4.56,ECO
908275,7002482,5144,2026-05-07 07:45:21,9,127,ARRIVE,26.83,ECO
907593,7002260,5140,2026-05-07 20:05:50,10,132,failed,34.64,STD
907688,7002289,5109,2026-05-07 08:46:14,1,119,PICKUP,32.55,STD
907881,7002351,5060,2026-05-07 08:50:18,3,115,PICKUP,31.13,EXP
907455,7002221,5146,2026-05-07 12:43:36,10,113,PICKUP,20.41,EXP
908469,7002528,5077,2026-05-07 13:55:46,6,139,FAILED,27.05,ECO
907705,7002293,5100,2026-05-07 07:59:13,2,130,FAILED,38.79,STD
908478,7002532,5091,2026-05-07 14:05:07,1,139,OUT_FOR_DELIVERY,3.92,EXP
907791,7002323,5191,2026-05-07 19:29:49,7,106,DEPART,23.91,EXP
908264,7002476,5078,2026-05-07 20:25:06,10,112,ARRIVE,2.13,STD
907804,7002327,5053,2026-05-07 11:31:10,8,101,ARRIVE,"35,99",SDD
908064,7002409,5058,2026-05-07 11:48:07,3,116,PICKUP,30.82,SDD
908217,7002461,5064,2026-05-07 07:31:48,9,128,FAILED,33.13,EXP
907984,7002382,5070,2026-05-07 09:18:12,8,119,OUT_FOR_DELIVERY,38.43,ECO
907338,7002192,5089,2026-05-07 11:11:03,7,127,DEPART,25.5,STD
907645,7002276,5115,2026-05-07 10:34:21,1,128,PICKUP,18.4,EXP
908037,7002394,5175,2026-05-07 17:10:41,10,119,DEPART,28.74,SDD
907607,7002263,5040,2026-05-07 21:57:00,2,112,DEPART,28.21,ECO
908315,7002491,5096,2026-05-07 21:26:47,9,128,DEPART,46.89,STD
908153,7002441,5112,2026-05-07 19:58:01,9,126,ARRIVE,44.46,ECO
907949,7002375,5116,2026-05-07 08:25:30,8,102,ARRIVE,28.89,STD
907891,7002355,5162,2026-05-07 07:23:29,7,138,DELIVERED,12.17,EXP
907809,7002328,5027,2026-05-07 16:11:30,9,114,DELIVERED,12.82,STD
907746,7002308,5047,2026-05-07 17:13:01,9,102,OUT_FOR_DELIVERY,46.64,STD
907617,7002265,5005,2026-05-07 21:11:51,2,104,DELIVERED,32.15,ECO
907864,7002348,5151,2026-05-07 12:19:14,8,124,OUT_FOR_DELIVERY,21.92,SDD
908120,7002427,5199,2026-05-07 08:43:44,10,126,DEPART,43.49,EXP
908123,7002429,5005,2026-05-07 14:43:57,8,116,DELIVERED,22.62,EXP
907832,7002334,5112,2026-05-07 20:20:25,4,130,FAILED,12.5,SDD
908381,7002506,5163,2026-05-07 14:17:32,1,104,PICKUP,20.26,STD
908101,7002419,5060,2026-05-07 16:56:29,3,123,PICKUP,40.49,EXP
907717,7002294,5158,2026-05-07 14:30:27,3,133,PICKUP,10.66,EXP
908375,7002505,5103,2026-05-07 13:46:13,3,114,DELIVERED,"45,88",SDD
908363,7002500,5164,2026-05-07 16:20:36,7,106,PICKUP,39.05,ECO
908328,7002493,5009,2026-05-07 09:15:01,10,116,ARRIVE,43.64,ECO
907669,7002284,5164,2026-05-07 15:33:35,10,110,OUT_FOR_DELIVERY,45.67,EXP
907606,7002263,5127,2026-05-07 21:55:22,1,111,PICKUP,1.24,SDD
907530,7002248,5199,2026-05-07 21:55:49,9,124,DELIVERED,0.77,SDD
908138,7002434,5176,2026-05-07 18:09:57,3,129,PICKUP,7.23,ECO
908215,7002461,5112,2026-05-07 14:00:13,9,121,ARRIVE,15.64,ECO
908300,7002486,5102,2026-05-07 21:42:14,2,113,PICKUP,16.96,STD
907810,7002328,5125,2026-05-07 14:36:55,3,137,ARRIVE,12.65,SDD
907855,7002345,5076,2026-05-07 12:37:04,3,102,DEPART,12.59,ECO
908319,7002491,5098,2026-05-07 16:00:30,5,130,FAILED,21.65,ECO
907917,7002364,5175,2026-05-07 19:45:49,6,128,PICKUP,14.54,EXP
908472,7002529,5138,2026-05-07 16:30:20,10,129,PICKUP,45.58,ECO
908269,7002480,5172,2026-05-07 16:31:24,2,110,ARRIVE,18.66,SDD
908025,7002391,5051,2026-05-07 18:42:11,5,110,OUT_FOR_DELIVERY,31.29,STD
907848,7002340,5040,2026-05-07 06:03:07,7,121,PICKUP,21.28,SDD
907825,7002331,5171,2026-05-07 12:29:34,4,117,FAILED,3.24,EXP
907889,7002354,5144,2026-05-07 16:27:23,10,133,DELIVERED,39.23,STD
907873,7002350,5027,2026-05-07 19:55:01,4,133,DEPART,8.74,STD
907853,7002343,5194,2026-05-07 14:10:08,8,106,DEPART,20.61,STD
907883,7002353,5064,2026-05-07 09:37:29,1,122,ARRIVE,26.27,ECO
907860,7002347,5098,07/05/2026 10:28,3,137,OUT_FOR_DELIVERY,24.26,EXP
908404,7002511,5169,2026-05-07 21:34:05,3,111,ARRIVE,43.64,SDD
908014,7002389,5127,2026-05-07 11:30:45,10,123,FAILED,22.99,EXP
907340,7002192,5154,2026-05-07 07:10:22,4,113,OUT_FOR_DELIVERY,"19,2",SDD
907602,7002262,5111,2026-05-07 21:09:16,99,121,DELIVERED,3.29,STD
907461,7002222,5068,2026-05-07 18:40:43,5,118,PICKUP,43.35,EXP
908468,7002528,5140,2026-05-07 14:08:58,7,,DEPART,39.03,STD
907331,7002190,5183,2026-05-07 21:45:51,5,119,OUT_FOR_DELIVERY,0.84,ECO
908222,7002463,5098,2026-05-07 08:57:46,6,135,FAILED,16.13,STD
907481,7002230,5045,2026-05-07 15:59:19,9,134,FAILED,10.43,SDD
908065,7002409,5197,2026-05-07 11:18:39,9,117,PICKUP,44.57,STD
907657,7002279,5074,2026-05-07 11:16:25,1,137,OUT_FOR_DELIVERY,27.89,EXP
907957,7002377,5079,2026-05-07 15:57:35,9,105,FAILED,13.01,SDD
908058,7002406,5177,2026-05-07 20:29:58,1,132,OUT_FOR_DELIVERY,26.27,ECO
908179,7002449,5133,2026-05-07 12:53:01,8,110,DEPART,25.69,STD
908482,7002532,5119,2026-05-07 17:58:33,9,134,DEPART,8.32,ECO
908460,7002524,5136,2026-05-07 07:28:36,7,113,DELIVERED,38.52,ECO
907644,7002276,5034,2026-05-07 20:33:32,1,127,FAILED,35.98,ECO
908251,7002473,5025,2026-05-07 19:42:20,8,128,DEPART,14.11,SDD
908019,7002390,5017,2026-05-07 15:26:19,7,129,PICKUP,5.22,STD
908185,7002451,5200,2026-05-07 07:11:56,1,127,DEPART,1.31,STD
907756,7002310,5074,2026-05-07 15:29:27,5,126,PICKUP,"36,21",STD
907897,7002357,5002,2026-05-07 16:31:45,5,127,OUT_FOR_DELIVERY,3.86,SDD
907402,7002205,5077,2026-05-07 16:58:08,6,140,ARRIVE,11.06,SDD
907830,7002333,5154,2026-05-07 10:46:32,2,113,FAILED,25.75,STD
907815,7002329,5035,2026-05-07 21:18:04,9,106,DEPART,3.92,EXP
907473,7002228,5021,2026-05-07 11:54:50,2,119,FAILED,16.62,ECO
908289,7002484,5106,2026-05-07 13:58:41,2,106,DELIVERED,13.65,ECO
907482,7002230,5119,2026-05-07 17:55:00,4,134,OUT_FOR_DELIVERY,8.54,STD
907646,7002276,5118,2026-05-07 15:17:14,7,115,OUT_FOR_DELIVERY,42.99,STD
907337,7002192,5199,2026-05-07 19:40:42,5,130,DEPART,32.34,EXP
908162,7002443,5111,2026-05-07 10:21:46,8,126,DELIVERED,35.83,STD
908226,7002466,5033,2026-05-07 10:00:48,7,117,failed,43.92,SDD
908216,7002461,5181,2026-05-07 14:06:28,2,114,DEPART,40.2,ECO
907435,7002215,5099,2026-05-07 16:22:26,8,122,FAILED,3.72,SDD
908411,7002514,5072,2026-05-07 06:04:17,9,136,FAILED,31.98,ECO
908454,7002524,5144,2026-05-07 13:13:23,9,129,OUT_FOR_DELIVERY,40.38,SDD
907541,7002249,5084,2026-05-07 06:34:46,9,119,DELIVERED,5.86,STD
908347,7002496,5104,2026-05-07 12:30:31,8,132,FAILED,40.52,STD
908435,7002519,5080,2026-05-07 14:58:18,1,112,FAILED,45.09,SDD
907862,7002348,5136,2026-05-07 13:11:25,2,109,FAILED,34.08,EXP
908110,7002423,5158,2026-05-07 20:10:42,7,138,ARRIVE,"28,07",EXP
907320,7002186,5039,2026-05-07 11:35:04,2,132,FAILED,43.51,ECO
908304,7002487,5033,2026-05-07 06:32:35,10,129,ARRIVE,44.69,ECO
907512,7002242,5007,2026-05-07 09:21:04,3,103,OUT_FOR_DELIVERY,"3,91",ECO
907403,7002206,5092,2026-05-07 12:32:33,8,119,ARRIVE,41.21,STD
907826,7002331,5008,2026-05-07 15:55:45,1,133,FAILED,33.22,EXP
907999,7002384,5159,2026-05-07 21:10:22,9,108,DELIVERED,,SDD
908166,7002444,5079,2026-05-07 14:32:19,6,101,FAILED,29.22,SDD
908012,7002389,5027,2026-05-07 08:01:08,6,118,ARRIVE,32.74,STD
908412,7002514,5103,2026-05-07 13:46:08,9,117,FAILED,9.79,STD
907656,7002279,5092,2026-05-07 12:26:15,6,135,ARRIVE,5.28,ECO
907987,7002382,5109,2026-05-07 18:24:06,4,131,ARRIVE,31.98,STD
907973,7002382,5136,2026-05-07 11:22:04,7,130,DELIVERED,5.25,SDD
907510,7002242,5155,2026-05-07 21:19:51,10,130,FAILED,13.61,STD
907368,7002196,5078,2026-05-07 09:39:29,9,108,DEPART,46.4,SDD
908357,7002497,5183,2026-05-07 21:20:21,5,120,DELIVERED,33.7,STD
908293,7002484,5125,2026-05-07 10:22:20,4,127,PICKUP,31.42,EXP
907697,7002291,5136,2026-05-07 19:22:49,9,113,ARRIVE,10.18,EXP
907773,7002315,5198,2026-05-07 21:09:24,5,106,FAILED,10.61,SDD
908432,7002519,5172,2026-05-07 09:44:54,7,116,FAILED,2.72,ECO
907916,7002364,5163,2026-05-07 13:58:43,8,115,ARRIVE,43.26,ECO
907521,7002244,5036,2026-05-07 20:50:28,2,134,FAILED,46.31,SDD
907522,7002244,5148,2026-05-07 09:54:36,2,113,FAILED,620.69,SDD
908188,7002451,5046,2026-05-07 06:18:05,8,136,PICKUP,10.51,SDD
907730,7002301,5135,2026-05-07 21:19:14,6,137,DELIVERED,29.31,SDD
908089,7002418,5033,2026-05-07 06:43:59,2,133,ARRIVE,36.99,EXP
908270,7002480,5138,2026-05-07 17:18:02,5,103,DEPART,40.2,EXP
907894,7002356,5131,2026-05-07 13:37:46,9,134,ARRIVE,7.41,STD
908475,7002530,5086,2026-05-07 07:22:04,4,140,DELIVERED,41.14,STD
907309,7002185,5093,2026-05-07 20:12:55,4,126,DEPART,16.75,SDD
907709,7002293,5060,2026-05-07 18:45:01,10,120,FAILED,32.34,ECO
907513,7002243,5022,2026-05-07 16:01:47,8,106,OUT_FOR_DELIVERY,13.33,ECO
907722,7002298,5051,2026-05-07 16:15:15,4,130,PICKUP,,STD
907652,7002278,5110,2026-05-07 17:28:19,9,113,ARRIVE,"26,12",EXP
907643,7002276,5182,2026-05-07 17:49:46,9,131,ARRIVE,2.83,SDD
907803,7002327,5125,2026-05-07 09:31:53,2,135,ARRIVE,16.79,EXP
907411,7002208,5049,2026-05-07 06:33:24,3,134,FAILED,14.96,STD
908131,7002432,5170,2026-05-07 08:12:35,5,107,DELIVERED,24.39,STD
907678,7002287,5163,2026-05-07 20:09:37,3,131,DELIVERED,21.41,SDD
907990,7002382,5191,2026-05-07 06:41:43,10,106,OUT_FOR_DELIVERY,12.07,EXP
907534,7002249,5174,2026-05-07 11:41:25,7,130,PICKUP,22.44,STD
907790,7002323,5150,2026-05-07 20:35:04,9,140,DEPART,21.98,SDD
907755,7002310,5044,2026-05-07 16:33:53,2,134,DELIVERED,20.08,EXP
908356,7002496,5155,2026-05-07 07:22:33,10,110,PICKUP,25.86,ECO
907921,7002365,5169,2026-05-07 12:48:02,8,134,DEPART,15.81,ECO
908088,7002418,5099,2026-05-07 21:26:46,2,103,FAILED,8.41,EXP
908035,7002394,5151,2026-05-07 18:44:17,2,120,FAILED,23.7,EXP
908297,7002484,5176,2026-05-07 20:12:41,5,131,ARRIVE,9.07,EXP
908061,7002407,5003,2026-05-07 14:59:54,3,127,OUT_FOR_DELIVERY,11.47,EXP
907397,7002203,5159,2026-05-07 11:40:31,2,105,PICKUP,44.19,EXP
907406,7002207,5136,2026-05-07 06:51:36,3,132,OUT_FOR_DELIVERY,38.46,STD
908397,7002509,5174,2026-05-07 12:21:38,8,134,DELIVERED,32.79,ECO
907572,7002256,5033,2026-05-07 17:09:06,10,126,OUT_FOR_DELIVERY,30.71,EXP
907992,7002382,5075,2026-05-07 10:30:04,5,120,OUT_FOR_DELIVERY,39.55,STD
907631,7002272,5088,2026-05-07 09:11:28,5,121,ARRIVE,6.95,STD
908080,7002416,5175,2026-05-07 12:21:20,10,103,DELIVERED,45.5,ECO
908091,7002418,5057,2026-05-07 11:29:06,5,134,DELIVERED,8.27,STD
908396,7002509,5015,2026-05-07 07:53:10,4,118,OUT_FOR_DELIVERY,26.01,EXP
908219,7002463,5123,2026-05-07 18:55:35,5,107,DELIVERED,45.45,SDD
907772,7002314,5011,2026-05-07 12:17:32,1,134,OUT_FOR_DELIVERY,5.5,EXP
907714,7002293,5131,2026-05-07 20:57:12,1,123,FAILED,6.17,EXP
907876,7002351,5121,2026-05-07 12:58:01,2,123,OUT_FOR_DELIVERY,34.27,SDD
908267,7002479,5129,07/05/2026 20:49,3,114,DEPART,28.96,EXP
907786,7002322,5044,2026-05-07 16:42:19,2,127,DELIVERED,10.75,ECO
908277,7002483,5123,2026-05-07 17:34:22,2,112,DEPART,16.12,ECO
907793,7002323,5192,2026-05-07 11:18:44,8,130,OUT_FOR_DELIVERY,40.71,EXP
907685,7002289,5200,2026-05-07 17:21:15,2,117,FAILED,43.41,STD
907470,7002225,5199,2026-05-07 20:40:30,1,111,OUT_FOR_DELIVERY,39.59,ECO
908033,7002393,5165,07/05/2026 08:33,10,110,DELIVERED,34.18,SDD
907785,7002321,5164,2026-05-07 21:26:46,8,138,FAILED,39.04,STD
908240,7002470,5194,2026-05-07 21:59:21,5,122,FAILED,1.34,ECO
908098,7002419,5185,2026-05-07 16:50:34,3,131,DELIVERED,25.3,SDD
908198,7002454,5126,2026-05-07 08:02:47,7,131,DEPART,17.22,SDD
908203,7002455,5194,2026-05-07 17:24:34,3,113,DELIVERED,34.27,SDD
907671,7002285,5076,2026-05-07 10:40:16,8,108,DEPART,23.32,SDD
907344,7002194,5063,07/05/2026 07:18,5,116,DEPART,25.09,EXP
908386,7002507,5149,2026-05-07 06:24:33,1,130,DEPART,17.42,STD
907789,7002322,5103,2026-05-07 16:17:23,6,138,FAILED,10.92,EXP
908341,7002496,5102,07/05/2026 15:50,1,110,OUT_FOR_DELIVERY,33.96,SDD
907920,7002365,5105,2026-05-07 21:37:25,10,125,FAILED,35.55,STD
908031,7002392,5194,2026-05-07 16:15:03,7,126,DELIVERED,24.23,ECO
907642,7002276,5021,2026-05-07 09:03:54,10,123,PICKUP,23.64,SDD
907950,7002376,5163,2026-05-07 20:11:24,6,121,ARRIVE,46.06,SDD
907382,7002200,5077,2026-05-07 06:02:27,1,137,DELIVERED,4.49,STD
907504,7002239,5034,2026-05-07 06:54:07,2,140,DEPART,19.72,EXP
907867,7002349,5023,2026-05-07 18:34:27,2,101,DEPART,9.78,EXP
908421,7002515,5102,2026-05-07 15:18:49,8,104,FAILED,42.17,STD
908172,7002445,5071,2026-05-07 13:23:07,2,106,DELIVERED,43.78,ECO
908427,7002518,5049,2026-05-07 08:59:54,4,123,DELIVERED,30.25,ECO
907401,7002204,5134,2026-05-07 10:37:32,5,110,DELIVERED,7.21,STD
908006,7002388,5116,2026-05-07 13:33:40,1,130,FAILED,8.85,ECO
907483,7002230,5143,2026-05-07 20:33:24,3,104,FAILED,2.05,SDD
907440,7002216,5161,2026-05-07 12:32:12,10,104,DELIVERED,26.29,STD
908394,7002509,5007,2026-05-07 07:29:42,8,114,PICKUP,11.02,EXP
907800,7002326,5157,2026-05-07 14:57:29,5,130,PICKUP,42.41,ECO
907363,7002196,5032,2026-05-07 14:43:38,5,111,ARRIVE,10.29,ECO
907526,7002246,5144,2026-05-07 06:35:08,6,116,DEPART,46.73,EXP
907478,7002229,5086,2026-05-07 15:21:39,9,116,ARRIVE,19.23,ECO
907447,7002219,5154,2026-05-07 19:20:45,3,135,DEPART,5.09,ECO
907456,7002221,5074,2026-05-07 12:20:20,1,130,ARRIVE,4.85,EXP
907466,7002223,5024,2026-05-07 14:38:33,9,103,ARRIVE,32.03,STD
907373,7002197,5132,2026-05-07 15:17:51,3,132,DEPART,27.76,ECO
907561,7002253,5016,2026-05-07 08:05:36,9,115,DEPART,3.76,STD
908405,7002512,5115,2026-05-07 17:44:11,6,133,DELIVERED,37.12,EXP
908295,7002484,5048,2026-05-07 20:30:44,7,109,PICKUP,47.78,SDD
907321,7002186,5141,2026-05-07 12:18:36,10,130,ARRIVE,28.14,EXP
907967,7002379,5064,2026-05-07 16:22:49,8,120,DEPART,1.09,EXP
907380,7002199,5175,2026-05-07 10:11:21,8,125,DEPART,25.6,EXP
908306,7002487,5047,2026-05-07 08:09:04,4,119,DEPART,22.26,EXP
908038,7002395,5120,2026-05-07 13:47:08,1,126,depart,31.73,EXP
908282,7002483,5007,2026-05-07 16:28:29,10,110,DELIVERED,9.92,SDD
907591,7002260,5184,2026-05-07 09:22:00,6,121,FAILED,12.44,ECO
907523,7002244,5165,2026-05-07 09:45:46,1,127,DEPART,8.22,SDD
907600,7002261,5168,2026-05-07 14:52:42,2,137,PICKUP,22.39,ECO
908191,7002452,5161,2026-05-07 13:29:18,9,136,OUT_FOR_DELIVERY,5.6,SDD
907744,7002307,5012,2026-05-07 19:23:21,6,123,FAILED,17.39,ECO
908016,7002389,5075,2026-05-07 19:19:54,6,107,PICKUP,47.53,STD
908107,7002422,5052,2026-05-07 08:35:01,10,119,PICKUP,47.76,EXP
907421,7002212,5105,2026-05-07 18:52:39,8,116,PICKUP,45.48,STD
907588,7002259,5101,2026-05-07 13:17:29,1,133,OUT_FOR_DELIVERY,12.88,STD
907565,7002255,5159,2026-05-07 15:06:10,2,114,FAILED,18.71,EXP
908276,7002482,5099,2026-05-07 17:02:14,5,115,FAILED,1.59,ECO
907326,7002189,5193,2026-05-07 11:22:21,5,130,FAILED,24.07,SDD
907590,7002260,5023,2026-05-07 15:17:41,1,129,OUT_FOR_DELIVERY,43.56,EXP
907702,7002292,5035,2026-05-07 19:10:33,7,103,PICKUP,22.67,STD
908189,7002451,5055,2026-05-07 14:16:20,4,136,DELIVERED,44.83,SDD
908382,7002506,5021,2026-05-07 09:38:12,4,125,PICKUP,43.63,SDD
907693,7002291,5143,2026-05-07 12:50:53,1,103,PICKUP,22.12,ECO
908218,7002462,5132,2026-05-07 06:31:22,6,104,PICKUP,27.15,SDD
907648,7002276,5028,2026-05-07 12:48:27,5,138,ARRIVE,6.74,ECO
907886,7002354,5172,07/05/2026 09:25,9,125,OUT_FOR_DELIVERY,46.57,EXP
908349,7002496,5121,2026-05-07 13:31:35,5,113,ARRIVE,16.02,STD
907686,7002289,5077,2026-05-07 13:40:17,3,139,OUT_FOR_DELIVERY,47.4,STD
907794,7002323,5012,2026-05-07 16:04:46,9,117,DELIVERED,38.03,STD
907787,7002322,5150,2026-05-07 14:08:00,10,116,OUT_FOR_DELIVERY,37.56,EXP
908136,7002433,5119,2026-05-07 14:08:52,2,133,ARRIVE,3.77,EXP
907733,7002302,5177,2026-05-07 17:31:18,9,126,ARRIVE,12.24,EXP
908374,7002504,5023,2026-05-07 10:03:53,4,109,PICKUP,9.65,STD
907835,7002334,5030,2026-05-07 08:06:45,7,124,DELIVERED,39.27,EXP
908225,7002465,5165,2026-05-07 12:47:37,1,131,DEPART,"38,42",ECO
907870,7002349,5073,2026-05-07 14:07:10,5,140,DELIVERED,7.37,ECO
908325,7002493,5012,2026-05-07 12:27:29,6,134,DEPART,"45,86",EXP
907487,7002232,5191,2026-05-07 15:36:32,6,131,arrive,0.88,ECO
907399,7002203,5082,2026-05-07 12:00:13,3,120,FAILED,46.29,STD
907307,7002184,5109,2026-05-07 21:01:20,7,115,PICKUP,47.24,SDD
907429,7002214,5059,2026-05-07 10:29:24,10,110,DELIVERED,2.47,ECO
908392,7002509,5039,2026-05-07 11:09:08,5,129,ARRIVE,34.55,SDD
907388,7002202,5093,2026-05-07 12:57:12,8,102,PICKUP,41.46,SDD
907304,7002183,5094,2026-05-07 19:13:19,1,138,PICKUP,"1,25",SDD
907739,7002306,5131,2026-05-07 16:59:56,5,104,DELIVERED,14.7,SDD
907879,7002351,5133,2026-05-07 07:45:29,10,137,FAILED,43.15,EXP
907969,7002380,5046,2026-05-07 16:57:23,3,132,PICKUP,18.82,ECO
908420,7002515,5185,2026-05-07 11:37:03,5,109,ARRIVE,13.2,STD
907961,7002379,5163,2026-05-07 07:07:46,2,137,DELIVERED,4.65,EXP
907545,7002251,5115,2026-05-07 11:51:30,4,127,FAILED,28.07,ECO
907629,7002271,5184,2026-05-07 11:18:24,8,136,DELIVERED,16.54,EXP
907946,7002375,5092,2026-05-07 21:59:15,7,106,FAILED,32.12,STD
907762,7002312,5071,2026-05-07 08:20:25,4,111,FAILED,2.8,ECO
907400,7002203,5109,2026-05-07 18:40:22,4,122,DEPART,3.23,SDD
907898,7002358,5107,2026-05-07 13:49:37,4,103,DEPART,15.81,ECO
908018,7002390,5110,2026-05-07 06:54:28,6,110,DEPART,5.35,ECO
907749,7002309,5020,2026-05-07 13:35:05,4,111,DEPART,7.63,ECO
908389,7002508,5075,2026-05-07 12:07:33,4,132,FAILED,36.79,STD
907913,7002363,5171,2026-05-07 14:47:32,1,114,PICKUP,33.11,EXP
907758,7002311,5058,2026-05-07 15:43:27,4,110,OUT_FOR_DELIVERY,8.46,EXP
907514,7002244,5108,2026-05-07 20:27:31,5,134,OUT_FOR_DELIVERY,0.44,ECO
907918,7002365,5181,2026-05-07 16:41:39,2,123,ARRIVE,35.22,STD
907350,7002195,5073,2026-05-07 08:50:31,9,108,DEPART,17.67,STD
907312,7002185,5056,2026-05-07 19:06:52,1,117,PICKUP,20.69,SDD
907858,7002346,5091,2026-05-07 15:23:11,10,120,ARRIVE,35.96,SDD
908402,7002510,5072,2026-05-07 17:37:23,8,113,FAILED,43.53,ECO
907841,7002337,5121,2026-05-07 13:38:56,1,110,DELIVERED,0.94,SDD
908009,7002389,5115,2026-05-07 17:43:08,5,140,FAILED,11.51,EXP
908168,7002445,5137,2026-05-07 20:56:13,5,109,FAILED,40.38,EXP
908296,7002484,5156,2026-05-07 20:15:37,3,140,FAILED,37.96,ECO
907323,7002187,5059,2026-05-07 17:30:00,10,117,FAILED,22.68,ECO
907902,7002359,5175,2026-05-07 08:45:14,8,131,DELIVERED,23.1,SDD
908272,7002480,5141,2026-05-07 10:19:16,7,119,depart,35.67,STD
907931,7002368,5087,2026-05-07 12:00:53,4,113,DEPART,16.82,SDD
907574,7002257,5104,2026-05-07 12:07:27,5,136,DELIVERED,8.3,STD
908415,7002515,5072,2026-05-07 06:54:26,1,120,ARRIVE,33.05,SDD
908366,7002500,5162,2026-05-07 18:55:50,2,118,OUT_FOR_DELIVERY,35.51,EXP
907533,7002249,5163,2026-05-07 18:40:36,8,139,FAILED,32.72,ECO
907503,7002238,5149,2026-05-07 10:29:17,10,110,ARRIVE,8.08,EXP
907621,7002267,5112,2026-05-07 11:00:31,2,112,FAILED,38.51,STD
907775,7002316,5100,2026-05-07 20:57:31,9,109,FAILED,14.68,ECO
907529,7002247,5140,2026-05-07 14:45:06,7,139,DEPART,22.1,ECO
907353,7002195,5132,2026-05-07 19:33:22,8,126,DELIVERED,23.62,ECO
908146,7002438,5179,2026-05-07 21:03:00,3,125,OUT_FOR_DELIVERY,9.78,ECO
907842,7002338,5083,2026-05-07 12:15:14,6,109,ARRIVE,16.47,ECO
907923,7002366,5114,2026-05-07 13:04:35,6,137,ARRIVE,45.35,STD
908318,7002491,5198,2026-05-07 13:56:18,3,134,ARRIVE,17.58,STD
908308,7002488,5135,2026-05-07 19:59:58,5,114,PICKUP,624.67,ECO
908199,7002454,5196,2026-05-07 15:46:08,2,110,PICKUP,11.07,ECO
907462,7002223,5009,2026-05-07 12:13:54,6,123,FAILED,36.76,ECO
908048,7002401,5110,2026-05-07 21:08:22,10,131,PICKUP,3.07,STD
908365,7002500,5046,2026-05-07 09:15:12,5,111,PICKUP,32.75,STD
907471,7002226,5093,2026-05-07 08:52:15,9,121,DEPART,26.03,SDD
907594,7002260,5027,2026-05-07 14:13:17,10,105,PICKUP,4.94,SDD
907718,7002295,5012,2026-05-07 13:34:28,3,117,ARRIVE,28.68,ECO
907665,7002281,5075,2026-05-07 15:27:48,4,112,OUT_FOR_DELIVERY,"8,16",SDD
907941,7002373,5111,2026-05-07 15:25:37,1,132,DEPART,36.56,EXP
907765,7002312,5103,2026-05-07 21:03:08,10,112,ARRIVE,40.91,EXP
907578,7002258,5035,2026-05-07 07:43:38,7,133,OUT_FOR_DELIVERY,15.99,SDD
908344,7002496,5184,2026-05-07 07:29:51,2,129,PICKUP,8.15,SDD
908431,7002519,5198,2026-05-07 16:31:21,6,131,DEPART,40.14,EXP
907676,7002285,5196,2026-05-07 16:10:07,10,104,PICKUP,32.17,EXP
907819,7002330,5063,2026-05-07 08:49:09,9,109,PICKUP,22.36,STD
907445,7002219,5112,2026-05-07 18:14:22,10,115,ARRIVE,32.23,STD
907342,7002193,5056,2026-05-07 08:29:27,7,132,DEPART,42.96,EXP
908376,7002505,5099,2026-05-07 09:05:15,8,118,DELIVERED,32.29,EXP
908437,7002519,5120,2026-05-07 18:31:54,4,108,DEPART,13.71,ECO
907798,7002326,5114,2026-05-07 18:06:19,2,127,DEPART,435.88,STD
908113,7002423,5028,07/05/2026 19:14,3,102,OUT_FOR_DELIVERY,3.75,SDD
908417,7002515,5080,2026-05-07 15:26:00,4,113,PICKUP,14.32,SDD
908301,7002487,5191,2026-05-07 15:14:52,2,124,DELIVERED,20.06,STD
907655,7002279,5131,2026-05-07 21:23:35,7,108,PICKUP,7.37,EXP
907559,7002252,5047,2026-05-07 06:29:05,4,110,OUT_FOR_DELIVERY,21.49,STD
908257,7002475,5112,2026-05-07 18:39:59,4,135,OUT_FOR_DELIVERY,22.44,STD
907469,7002225,5199,2026-05-07 10:08:05,3,140,DELIVERED,"43,69",SDD
907327,7002189,5025,2026-05-07 06:28:10,9,120,FAILED,7.2,ECO
907723,7002298,5136,2026-05-07 08:20:57,3,133,PICKUP,22.64,SDD
907910,7002360,5149,2026-05-07 10:06:43,4,127,DEPART,19.94,STD
908053,7002403,5027,2026-05-07 12:19:15,9,130,FAILED,7.68,EXP
908121,7002428,5013,2026-05-07 13:51:10,10,140,FAILED,19.89,STD
907343,7002193,5074,2026-05-07 16:07:01,1,103,FAILED,32.56,EXP
907696,7002291,5121,2026-05-07 11:48:35,9,102,PICKUP,47.22,ECO
907355,7002195,5131,2026-05-07 17:00:14,5,109,DELIVERED,14.93,SDD
907638,7002274,5104,2026-05-07 20:40:09,8,105,PICKUP,5.92,STD
908379,7002505,5102,2026-05-07 16:30:44,2,129,FAILED,42.51,SDD
907933,7002369,5179,2026-05-07 17:55:22,10,112,OUT_FOR_DELIVERY,40.01,ECO
907808,7002328,5084,2026-05-07 08:27:38,5,137,PICKUP,22.84,SDD
908027,7002391,5035,2026-05-07 19:39:53,6,123,OUT_FOR_DELIVERY,29.03,STD
908346,7002496,5065,2026-05-07 12:07:52,4,132,OUT_FOR_DELIVERY,34.74,ECO
908227,7002466,5017,2026-05-07 07:56:05,4,105,ARRIVE,34.21,EXP
907532,7002248,5047,2026-05-07 17:06:51,9,102,DELIVERED,39.75,EXP
907346,7002194,5013,2026-05-07 07:53:31,3,134,DEPART,44.43,EXP
908442,7002521,5089,2026-05-07 06:49:55,7,122,DELIVERED,19.33,STD
907963,7002379,5176,2026-05-07 17:32:54,4,119,FAILED,35.41,EXP
907901,7002359,5021,2026-05-07 08:27:07,7,125,PICKUP,5.17,ECO
907583,7002258,5102,2026-05-07 10:56:16,1,140,DELIVERED,612.3,SDD
907763,7002312,5055,2026-05-07 06:29:24,5,139,DEPART,46.16,SDD
907609,7002264,5180,2026-05-07 07:00:33,10,113,DEPART,10.71,SDD
907407,7002208,5156,2026-05-07 20:15:46,9,105,OUT_FOR_DELIVERY,"29,25",SDD
908063,7002408,5150,2026-05-07 21:31:49,5,109,DEPART,18.89,ECO
907415,7002210,5116,2026-05-07 18:37:31,6,118,PICKUP,46.2,ECO
907861,7002348,5020,2026-05-07 20:27:43,9,127,ARRIVE,15.71,EXP
907422,7002212,5117,2026-05-07 11:15:44,6,113,PICKUP,46.51,SDD
907506,7002240,5180,2026-05-07 08:57:15,4,123,ARRIVE,32.01,EXP
908294,7002484,5139,2026-05-07 19:07:24,5,127,FAILED,21.68,ECO
908077,7002415,5136,2026-05-07 13:42:09,9,129,DELIVERED,21.41,STD
907352,7002195,5047,2026-05-07 18:22:26,1,111,DELIVERED,30.29,SDD
907691,7002291,5198,2026-05-07 18:27:01,4,107,PICKUP,36.73,STD
907558,7002252,5025,2026-05-07 20:06:01,10,127,PICKUP,24.9,SDD
908155,7002441,5114,2026-05-07 18:55:26,6,122,ARRIVE,30.1,ECO
907895,7002356,5142,2026-05-07 10:24:26,10,134,DELIVERED,44.36,EXP
907508,7002241,5162,2026-05-07 11:00:02,7,104,pickup,28.96,ECO
907771,7002313,5086,2026-05-07 14:31:45,10,101,DEPART,33.8,ECO
908378,7002505,5184,2026-05-07 11:28:05,3,119,FAILED,17.39,STD
908132,7002432,5083,2026-05-07 20:09:26,5,111,FAILED,45.25,SDD
908103,7002421,5004,2026-05-07 09:16:33,8,134,DELIVERED,"19,17",EXP
907736,7002304,5046,2026-05-07 11:31:47,7,131,ARRIVE,"10,0",STD
907531,7002248,5110,2026-05-07 11:42:45,10,130,ARRIVE,33.72,STD
907684,7002289,5043,2026-05-07 20:15:34,7,129,ARRIVE,8.67,STD
908195,7002452,5027,2026-05-07 21:14:21,6,107,FAILED,24.9,SDD
908438,7002520,5092,2026-05-07 21:32:22,10,106,FAILED,2.12,SDD
907816,7002330,5083,2026-05-07 07:19:17,3,134,DEPART,25.02,ECO
908391,7002509,5012,2026-05-07 14:08:39,2,138,OUT_FOR_DELIVERY,27.89,EXP
908092,7002418,5185,2026-05-07 06:59:33,7,134,ARRIVE,3.32,SDD
908204,7002456,5047,2026-05-07 19:04:28,2,112,PICKUP,11.78,ECO
907446,7002219,5122,07/05/2026 09:30,1,102,ARRIVE,,ECO
907520,7002244,5086,2026-05-07 11:42:35,10,117,ARRIVE,1.36,EXP
908115,7002424,5103,2026-05-07 18:37:10,10,108,OUT_FOR_DELIVERY,,EXP
907828,7002332,5113,2026-05-07 17:06:23,10,102,DELIVERED,5.63,ECO
907467,7002224,5172,2026-05-07 17:23:35,3,129,DELIVERED,23.05,STD
907844,7002338,5153,2026-05-07 15:33:09,10,125,DEPART,10.92,SDD
908094,7002419,5035,2026-05-07 07:48:06,8,122,FAILED,27.08,EXP
908274,7002481,5067,2026-05-07 09:40:51,1,104,DELIVERED,41.25,ECO
908112,7002423,5079,2026-05-07 07:25:25,2,125,FAILED,0.61,ECO
907332,7002190,5109,2026-05-07 20:34:16,6,131,FAILED,26.91,EXP
907846,7002339,5199,2026-05-07 17:56:12,3,116,FAILED,40.3,ECO
908364,7002500,5145,2026-05-07 11:39:21,3,122,PICKUP,5.5,STD
907970,7002381,5097,2026-05-07 08:04:07,5,124,ARRIVE,3.23,SDD
908254,7002473,5143,2026-05-07 07:16:32,5,112,DEPART,2.28,SDD
907615,7002265,5155,2026-05-07 17:51:53,7,105,PICKUP,18.06,STD
907647,7002276,5005,2026-05-07 06:23:40,10,124,ARRIVE,15.57,STD
907932,7002368,5116,2026-05-07 21:47:43,1,135,DELIVERED,24.42,SDD
907924,7002366,5113,2026-05-07 09:33:13,3,137,FAILED,23.26,SDD
